,asset,ret,bin
2020-01-07,BBAS3_SA,-0.05209154752435219,-1.0
2020-01-08,BBAS3_SA,-0.04336157404375485,-1.0
2020-01-09,BBAS3_SA,-0.052879244884572074,-1.0
2020-01-10,BBAS3_SA,-0.08469808773720966,-1.0
2020-01-13,BBAS3_SA,-0.13728993861885674,-1.0
2020-01-14,BBAS3_SA,-0.1326451608558673,-1.0
2020-01-15,BBAS3_SA,-0.11643627914822319,-1.0
2020-01-16,BBAS3_SA,-0.12036728653459539,-1.0
2020-01-17,BBAS3_SA,-0.1321260084871021,-1.0
2020-01-20,BBAS3_SA,-0.12654955340662444,-1.0
2020-01-21,BBAS3_SA,-0.2148768729927656,-1.0
2020-01-22,BBAS3_SA,-0.12432138858461672,-1.0
2020-01-23,BBAS3_SA,-0.2624600537926639,-1.0
2020-01-24,BBAS3_SA,-0.252587691619526,-1.0
2020-01-27,BBAS3_SA,-0.2451580706316081,-1.0
2020-01-28,BBAS3_SA,-0.25126091163813324,-1.0
2020-01-29,BBAS3_SA,-0.23233793642372835,-1.0
2020-01-30,BBAS3_SA,-0.23757948975790288,-1.0
2020-01-31,BBAS3_SA,-0.21778834697525118,-1.0
2020-02-03,BBAS3_SA,-0.22163675974147834,-1.0
2020-02-04,BBAS3_SA,-0.21308703787965289,-1.0
2020-02-05,BBAS3_SA,-0.24665576095516384,-1.0
2020-02-06,BBAS3_SA,-0.23373251852032606,-1.0
2020-02-10,BBAS3_SA,-0.2268673391223366,-1.0
2020-02-11,BBAS3_SA,-0.1683442131491285,-1.0
2020-02-12,BBAS3_SA,-0.2644604434550012,-1.0
2020-02-13,BBAS3_SA,-0.2528817947939015,-1.0
2020-02-14,BBAS3_SA,-0.23834396781492606,-1.0
2020-02-17,BBAS3_SA,-0.22670989856332013,-1.0
2020-02-18,BBAS3_SA,-0.23404164463895938,-1.0
2020-02-20,BBAS3_SA,-0.22796744119316892,-1.0
2020-02-26,BBAS3_SA,-0.1998675798254077,-1.0
2020-02-27,BBAS3_SA,-0.20965274560839853,-1.0
2020-02-28,BBAS3_SA,-0.19696973175502552,-1.0
2020-03-02,BBAS3_SA,-0.2019090563492456,-1.0
2020-03-03,BBAS3_SA,-0.20930746845212844,-1.0
2020-03-05,BBAS3_SA,-0.2714578435115178,-1.0
2020-03-06,BBAS3_SA,-0.25750720873886723,-1.0
2020-03-09,BBAS3_SA,-0.2892887462585342,-1.0
2020-03-10,BBAS3_SA,-0.32481532756676,-1.0
2020-03-11,BBAS3_SA,-0.2610096060909013,-1.0
2020-03-12,BBAS3_SA,-0.15807993313643065,-1.0
2020-03-13,BBAS3_SA,-0.3935326303204595,-1.0
2020-03-16,BBAS3_SA,-0.1233550422808527,-1.0
2020-03-17,BBAS3_SA,-0.17947938068007785,-1.0
2020-03-18,BBAS3_SA,0.029688234871473762,1.0
2020-03-19,BBAS3_SA,0.04262767125747202,1.0
2020-03-20,BBAS3_SA,0.1109754669956613,1.0
2020-03-23,BBAS3_SA,0.32218703435228857,1.0
2020-03-24,BBAS3_SA,0.09992296851689453,1.0
2020-03-25,BBAS3_SA,0.08508413474834131,1.0
2020-03-26,BBAS3_SA,0.009839027345378781,1.0
2020-03-27,BBAS3_SA,0.09419232211721407,1.0
2020-03-30,BBAS3_SA,0.06209036530688694,1.0
2020-03-31,BBAS3_SA,0.1057726259713474,1.0
2020-04-01,BBAS3_SA,0.1905655189304123,1.0
2020-04-03,BBAS3_SA,0.36274542727684667,1.0
2020-04-06,BBAS3_SA,0.25412754885046573,1.0
2020-04-07,BBAS3_SA,0.20671904530707907,1.0
2020-04-08,BBAS3_SA,0.22401606870746638,1.0
2020-04-13,BBAS3_SA,0.13128298645320902,1.0
2020-04-15,BBAS3_SA,0.11534558940036033,1.0
2020-04-16,BBAS3_SA,0.16319479468537068,1.0
2020-04-17,BBAS3_SA,0.1663285290415204,1.0
2020-04-20,BBAS3_SA,0.18661644012790957,1.0
2020-04-23,BBAS3_SA,0.18502700677729433,1.0
2020-04-24,BBAS3_SA,0.37983578114937533,1.0
2020-04-27,BBAS3_SA,0.25418473119130836,1.0
2020-04-28,BBAS3_SA,0.1328071979387231,1.0
2020-04-30,BBAS3_SA,0.17333335002625505,1.0
2020-05-04,BBAS3_SA,0.15814132539648273,1.0
2020-05-06,BBAS3_SA,0.22860346849924107,1.0
2020-05-07,BBAS3_SA,0.2757047140363973,1.0
2020-05-08,BBAS3_SA,0.2793361511036463,1.0
2020-05-12,BBAS3_SA,0.29570485073138264,1.0
2020-05-13,BBAS3_SA,0.3291591298133305,1.0
2020-05-14,BBAS3_SA,0.28105031884272713,1.0
2020-05-15,BBAS3_SA,0.29254332562705776,1.0
2020-05-18,BBAS3_SA,0.25364990851286673,1.0
2020-05-19,BBAS3_SA,0.3011999105518184,1.0
2020-05-20,BBAS3_SA,0.25869041926623915,1.0
2020-05-21,BBAS3_SA,0.2118936890985983,1.0
2020-05-22,BBAS3_SA,0.23886313112956303,1.0
2020-05-25,BBAS3_SA,0.12666666477877664,1.0
2020-05-26,BBAS3_SA,0.14322859704752933,1.0
2020-06-01,BBAS3_SA,0.10157207320128014,1.0
2020-06-02,BBAS3_SA,0.09536861243374095,1.0
2020-06-03,BBAS3_SA,0.0014387962268371801,1.0
2020-06-05,BBAS3_SA,-0.024147684676591452,-1.0
2020-06-08,BBAS3_SA,-0.08491328484607008,-1.0
2020-06-09,BBAS3_SA,-0.06873409125387198,-1.0
2020-06-10,BBAS3_SA,0.004092655843948911,1.0
2020-06-12,BBAS3_SA,0.022788479833038888,1.0
2020-06-16,BBAS3_SA,0.01283552674556998,1.0
2020-06-17,BBAS3_SA,-0.021739109825020475,-1.0
2020-06-19,BBAS3_SA,-0.02239225640300979,-1.0
2020-06-22,BBAS3_SA,-0.02737654755277752,-1.0
2020-06-23,BBAS3_SA,-0.022666236984496546,-1.0
2020-06-24,BBAS3_SA,0.012414655873860259,1.0
2020-06-25,BBAS3_SA,-0.01090556842449264,-1.0
2020-06-26,BBAS3_SA,0.03551235728813773,1.0
2020-06-29,BBAS3_SA,0.013899346664195678,1.0
2020-06-30,BBAS3_SA,0.048276332791087784,1.0
2020-07-01,BBAS3_SA,-0.005406566013720582,-1.0
2020-07-03,BBAS3_SA,0.010267729076310239,1.0
2020-07-06,BBAS3_SA,-0.0454595470357545,-1.0
2020-07-07,BBAS3_SA,0.011464131034467195,1.0
2020-07-08,BBAS3_SA,-0.011379006418293591,-1.0
2020-07-13,BBAS3_SA,-0.0025969981583224833,-1.0
2020-07-14,BBAS3_SA,-0.01974787770086206,-1.0
2020-07-15,BBAS3_SA,-0.049515761525419144,-1.0
2020-07-16,BBAS3_SA,-0.057119773577064326,-1.0
2020-07-17,BBAS3_SA,-0.07203197146315476,-1.0
2020-07-22,BBAS3_SA,-0.07124413814774966,-1.0
2020-07-23,BBAS3_SA,-0.07224049174495539,-1.0
2020-07-24,BBAS3_SA,-0.07508704389864174,-1.0
2020-07-27,BBAS3_SA,-0.10226943742444528,-1.0
2020-07-29,BBAS3_SA,-0.1395541051521001,-1.0
2020-07-30,BBAS3_SA,-0.114626371834881,-1.0
2020-07-31,BBAS3_SA,-0.07610033393938231,-1.0
2020-08-03,BBAS3_SA,-0.11901313414696446,-1.0
2020-08-04,BBAS3_SA,-0.09550923280234302,-1.0
2020-08-06,BBAS3_SA,-0.1204933550201559,-1.0
2020-08-07,BBAS3_SA,-0.09880318497466878,-1.0
2020-08-10,BBAS3_SA,-0.11308614083745605,-1.0
2020-08-11,BBAS3_SA,-0.10660932471305284,-1.0
2020-08-13,BBAS3_SA,-0.04555538302226236,-1.0
2020-08-17,BBAS3_SA,-0.029685059603725805,-1.0
2020-08-18,BBAS3_SA,-0.03619704462998008,-1.0
2020-08-21,BBAS3_SA,-0.012144483793337546,-1.0
2020-08-24,BBAS3_SA,-0.03276542192131615,-1.0
2020-08-25,BBAS3_SA,0.015293407888498312,1.0
2020-08-26,BBAS3_SA,0.03661412026850086,1.0
2020-08-27,BBAS3_SA,0.026199164420007248,1.0
2020-08-28,BBAS3_SA,-0.015102865057508907,-1.0
2020-08-31,BBAS3_SA,-0.043172382699456446,-1.0
2020-09-01,BBAS3_SA,-0.06474435037069415,-1.0
2020-09-03,BBAS3_SA,-0.10580191495908242,-1.0
2020-09-04,BBAS3_SA,-0.10404203077427154,-1.0
2020-09-08,BBAS3_SA,-0.0742947021450483,-1.0
2020-09-10,BBAS3_SA,0.008467682118787234,1.0
2020-09-11,BBAS3_SA,0.07752596894168562,1.0
2020-09-14,BBAS3_SA,0.055624361141191514,1.0
2020-09-15,BBAS3_SA,0.0231324760691749,1.0
2020-09-17,BBAS3_SA,0.05443240268370664,1.0
2020-09-18,BBAS3_SA,0.09756317164070483,1.0
2020-09-21,BBAS3_SA,0.11651836049389086,1.0
2020-09-23,BBAS3_SA,0.15041336743311096,1.0
2020-09-24,BBAS3_SA,0.17175540893343966,1.0
2020-09-28,BBAS3_SA,0.14654150714715763,1.0
2020-09-29,BBAS3_SA,0.19774185107842857,1.0
2020-09-30,BBAS3_SA,0.17555893027277625,1.0
2020-10-01,BBAS3_SA,0.19653584530143164,1.0
2020-10-05,BBAS3_SA,0.17912017799647972,1.0
2020-10-06,BBAS3_SA,0.1869732605865908,1.0
2020-10-07,BBAS3_SA,0.16806649985855193,1.0
2020-10-08,BBAS3_SA,0.17346194308659113,1.0
2020-10-09,BBAS3_SA,0.17135675518481208,1.0
2020-10-14,BBAS3_SA,0.17302797583328422,1.0
2020-10-15,BBAS3_SA,0.1650970826760123,1.0
2020-10-16,BBAS3_SA,0.17756196904479626,1.0
2020-10-19,BBAS3_SA,0.1648626365278072,1.0
2020-10-20,BBAS3_SA,0.18864797774495878,1.0
2020-10-21,BBAS3_SA,0.17980224660664734,1.0
2020-10-22,BBAS3_SA,0.13296435937881257,1.0
2020-10-26,BBAS3_SA,0.1850164304551427,1.0
2020-10-27,BBAS3_SA,0.18097682458594555,1.0
2020-10-28,BBAS3_SA,0.2218565778750312,1.0
2020-10-29,BBAS3_SA,0.22896060854773825,1.0
2020-10-30,BBAS3_SA,0.21435980534831933,1.0
2020-11-03,BBAS3_SA,0.20793708865712746,1.0
2020-11-04,BBAS3_SA,0.20945541216713992,1.0
2020-11-05,BBAS3_SA,0.23977272911334424,1.0
2020-11-06,BBAS3_SA,0.20271201057091814,1.0
2020-11-09,BBAS3_SA,0.21400751487787173,1.0
2020-11-10,BBAS3_SA,0.15942287546951062,1.0
2020-11-11,BBAS3_SA,0.1089615029933193,1.0
2020-11-12,BBAS3_SA,0.15463839698315351,1.0
2020-11-13,BBAS3_SA,0.10805049149410784,1.0
2020-11-16,BBAS3_SA,0.06925649769443742,1.0
2020-11-17,BBAS3_SA,0.03589705226657669,1.0
2020-11-19,BBAS3_SA,-0.00969977099255892,-1.0
2020-11-24,BBAS3_SA,-0.07195372847439452,-1.0
2020-11-26,BBAS3_SA,-0.003872792840357131,-1.0
2020-11-27,BBAS3_SA,-0.018687188488756723,-1.0
2020-11-30,BBAS3_SA,0.015786890120370156,1.0
2020-12-01,BBAS3_SA,-0.01799858821165945,-1.0
2020-12-03,BBAS3_SA,-0.02683792740418478,-1.0
2020-12-04,BBAS3_SA,-0.05326464493509253,-1.0
2020-12-07,BBAS3_SA,-0.06021406654291628,-1.0
2020-12-08,BBAS3_SA,-0.0569251744466619,-1.0
2020-12-09,BBAS3_SA,-0.056922096915169806,-1.0
2020-12-10,BBAS3_SA,-0.10009355960401556,-1.0
2020-12-11,BBAS3_SA,-0.12047561468977064,-1.0
2020-12-15,BBAS3_SA,-0.14696082079080997,-1.0
2020-12-16,BBAS3_SA,-0.17077484085272165,-1.0
2020-12-18,BBAS3_SA,-0.26265977378257754,-1.0
2020-12-21,BBAS3_SA,-0.2370996198695019,-1.0
2020-12-22,BBAS3_SA,-0.247061783764847,-1.0
2020-12-23,BBAS3_SA,-0.2592497046974278,-1.0
2020-12-28,BBAS3_SA,-0.26734415116442833,-1.0
2020-12-29,BBAS3_SA,-0.26303683640720765,-1.0
2020-12-30,BBAS3_SA,-0.2569587293087766,-1.0
2021-01-04,BBAS3_SA,-0.2330406663144906,-1.0
2021-01-05,BBAS3_SA,-0.22499969417966637,-1.0
2021-01-06,BBAS3_SA,-0.24231252768976974,-1.0
2021-01-07,BBAS3_SA,-0.27123343515362097,-1.0
2021-01-08,BBAS3_SA,-0.2754461129995589,-1.0
2021-01-11,BBAS3_SA,-0.2634132953939726,-1.0
2021-01-12,BBAS3_SA,-0.27012626273559015,-1.0
2021-01-13,BBAS3_SA,-0.23222356866865201,-1.0
2021-01-15,BBAS3_SA,-0.21541108923103836,-1.0
2021-01-18,BBAS3_SA,-0.21270036926713276,-1.0
2021-01-19,BBAS3_SA,-0.11316116128733655,-1.0
2021-01-20,BBAS3_SA,-0.09021176416866128,-1.0
2021-01-21,BBAS3_SA,-0.11403016483659045,-1.0
2021-01-22,BBAS3_SA,-0.11749829137068224,-1.0
2021-01-26,BBAS3_SA,-0.08020722636903221,-1.0
2021-01-27,BBAS3_SA,-0.10334690105809363,-1.0
2021-01-28,BBAS3_SA,-0.11971983985718104,-1.0
2021-01-29,BBAS3_SA,-0.0743191772302787,-1.0
2021-02-01,BBAS3_SA,-0.0939611225726753,-1.0
2021-02-02,BBAS3_SA,-0.1028205672621193,-1.0
2021-02-03,BBAS3_SA,-0.1110659505557211,-1.0
2021-02-04,BBAS3_SA,-0.11816917121769854,-1.0
2021-02-05,BBAS3_SA,-0.11790501060554903,-1.0
2021-02-09,BBAS3_SA,-0.1311992000614869,-1.0
2021-02-10,BBAS3_SA,-0.10825813960306774,-1.0
2021-02-11,BBAS3_SA,-0.11167352684624932,-1.0
2021-02-12,BBAS3_SA,-0.10516078805879914,-1.0
2021-02-17,BBAS3_SA,-0.09347599808853568,-1.0
2021-02-19,BBAS3_SA,-0.07382075490553242,-1.0
2021-02-22,BBAS3_SA,0.06524332104238129,1.0
2021-02-23,BBAS3_SA,-0.014940826667704799,-1.0
2021-02-25,BBAS3_SA,0.02670313700037985,1.0
2021-02-26,BBAS3_SA,0.06649097730472686,1.0
2021-03-01,BBAS3_SA,0.09287961765270047,1.0
2021-03-02,BBAS3_SA,0.029534576797171752,1.0
2021-03-04,BBAS3_SA,-0.004828300230966587,-1.0
2021-03-05,BBAS3_SA,-0.035519364259129604,-1.0
2021-03-08,BBAS3_SA,0.006937690709506894,1.0
2021-03-09,BBAS3_SA,0.01249864110954757,1.0
2021-03-10,BBAS3_SA,0.006217036022968303,1.0
2021-03-12,BBAS3_SA,0.018333756930164258,1.0
2021-03-15,BBAS3_SA,0.018798375578056303,1.0
2021-03-17,BBAS3_SA,0.014983850860867953,1.0
2021-03-18,BBAS3_SA,0.041721203440294286,1.0
2021-03-19,BBAS3_SA,0.04723132762727977,1.0
2021-03-23,BBAS3_SA,0.10512154044003497,1.0
2021-03-24,BBAS3_SA,0.13520942658478163,1.0
2021-03-25,BBAS3_SA,0.12642653280379146,1.0
2021-03-29,BBAS3_SA,0.12075300968793212,1.0
2021-03-30,BBAS3_SA,0.10202289517254237,1.0
2021-03-31,BBAS3_SA,0.1154525515854572,1.0
2021-04-01,BBAS3_SA,0.13238440408394014,1.0
2021-04-06,BBAS3_SA,0.20631548710131664,1.0
2021-04-07,BBAS3_SA,0.2141217580175776,1.0
2021-04-08,BBAS3_SA,0.2245487734542655,1.0
2021-04-12,BBAS3_SA,0.20631548710131664,1.0
2021-04-16,BBAS3_SA,0.1974004425253777,1.0
2021-04-19,BBAS3_SA,0.20346404421998,1.0
2021-04-20,BBAS3_SA,0.18427290595817358,1.0
2021-04-22,BBAS3_SA,0.19499207610595248,1.0
2021-04-23,BBAS3_SA,0.1854544935801139,1.0
2021-04-27,BBAS3_SA,0.1974004425253777,1.0
2021-04-28,BBAS3_SA,0.17645607808690134,1.0
2021-04-29,BBAS3_SA,0.2026521334169349,1.0
2021-05-04,BBAS3_SA,0.15647043620640022,1.0
2021-05-05,BBAS3_SA,0.15701077090950544,1.0
2021-05-07,BBAS3_SA,0.19060158127136462,1.0
2021-05-10,BBAS3_SA,0.17529235170548008,1.0
2021-05-11,BBAS3_SA,0.1668286688995788,1.0
2021-05-12,BBAS3_SA,0.1745176657307117,1.0
2021-05-13,BBAS3_SA,0.16186054950019124,1.0
2021-05-17,BBAS3_SA,0.16629941857860842,1.0
2021-05-18,BBAS3_SA,0.15033754857435389,1.0
2021-05-19,BBAS3_SA,-0.010784836593766833,-1.0
2021-05-21,BBAS3_SA,-0.012305321044443596,-1.0
2021-05-24,BBAS3_SA,-0.008968345880326467,-1.0
2021-05-25,BBAS3_SA,-0.010393929378664457,-1.0
2021-05-26,BBAS3_SA,-0.03177664865813834,-1.0
2021-05-27,BBAS3_SA,-0.030082157820080502,-1.0
2021-05-28,BBAS3_SA,-0.028769242195479494,-1.0
2021-06-01,BBAS3_SA,-0.04252864453696148,-1.0
2021-06-02,BBAS3_SA,-0.09712268142020941,-1.0
2021-06-04,BBAS3_SA,-0.09892715794469187,-1.0
2021-06-07,BBAS3_SA,-0.1228781102460913,-1.0
2021-06-08,BBAS3_SA,-0.1305717643589458,-1.0
2021-06-09,BBAS3_SA,-0.12928189115981303,-1.0
2021-06-10,BBAS3_SA,-0.10022372223799991,-1.0
2021-06-11,BBAS3_SA,-0.10591332597108172,-1.0
2021-06-14,BBAS3_SA,-0.13812452840215306,-1.0
2021-06-15,BBAS3_SA,-0.13521141780482404,-1.0
2021-06-16,BBAS3_SA,-0.13706263255023365,-1.0
2021-06-17,BBAS3_SA,-0.1478508822980027,-1.0
2021-06-21,BBAS3_SA,-0.13996515090938344,-1.0
2021-06-22,BBAS3_SA,-0.12939447837251927,-1.0
2021-06-25,BBAS3_SA,-0.08875385345434494,-1.0
2021-06-28,BBAS3_SA,-0.051771620433856747,-1.0
2021-06-29,BBAS3_SA,-0.048458128541917445,-1.0
2021-06-30,BBAS3_SA,-0.0531140354802615,-1.0
2021-07-01,BBAS3_SA,-0.028347321499064382,-1.0
2021-07-02,BBAS3_SA,-0.04805754198310441,-1.0
2021-07-05,BBAS3_SA,-0.03607801002344657,-1.0
2021-07-06,BBAS3_SA,-0.0204061801229255,-1.0
2021-07-07,BBAS3_SA,-0.07329962601427376,-1.0
2021-07-08,BBAS3_SA,-0.07290397728076115,-1.0
2021-07-12,BBAS3_SA,-0.07980053057448999,-1.0
2021-07-13,BBAS3_SA,-0.11479304231631049,-1.0
2021-07-14,BBAS3_SA,-0.10527284300766027,-1.0
2021-07-15,BBAS3_SA,-0.08854104399853624,-1.0
2021-07-16,BBAS3_SA,-0.05699069146682245,-1.0
2021-07-19,BBAS3_SA,-0.05676337821675237,-1.0
2021-07-20,BBAS3_SA,-0.0805063546917355,-1.0
2021-07-21,BBAS3_SA,-0.07482409431774628,-1.0
2021-07-22,BBAS3_SA,-0.07781320744214615,-1.0
2021-07-23,BBAS3_SA,-0.10299405300769171,-1.0
2021-07-26,BBAS3_SA,-0.09421431174938277,-1.0
2021-07-27,BBAS3_SA,-0.07736501536344687,-1.0
2021-07-28,BBAS3_SA,-0.12663192645901744,-1.0
2021-07-29,BBAS3_SA,-0.11961553633285105,-1.0
2021-07-30,BBAS3_SA,-0.03854894257722741,-1.0
2021-08-02,BBAS3_SA,-0.07081535477822387,-1.0
2021-08-03,BBAS3_SA,-0.06045975592187858,-1.0
2021-08-04,BBAS3_SA,-0.06325573614841684,-1.0
2021-08-05,BBAS3_SA,-0.024800729993790904,-1.0
2021-08-06,BBAS3_SA,-0.06484550459050775,-1.0
2021-08-09,BBAS3_SA,-0.011310074216684285,-1.0
2021-08-10,BBAS3_SA,0.01611189001463864,1.0
2021-08-11,BBAS3_SA,0.015422395999550087,1.0
2021-08-12,BBAS3_SA,0.05986648418460083,1.0
2021-08-13,BBAS3_SA,0.060206185527983624,1.0
2021-08-17,BBAS3_SA,0.062532756595153,1.0
2021-08-18,BBAS3_SA,0.09099600678725861,1.0
2021-08-19,BBAS3_SA,0.10525958714999795,1.0
2021-08-23,BBAS3_SA,0.05953212862775059,1.0
2021-08-24,BBAS3_SA,-0.01937617704231387,-1.0
2021-08-25,BBAS3_SA,-0.04618447480322063,-1.0
2021-08-26,BBAS3_SA,-0.012466082930904565,-1.0
2021-08-27,BBAS3_SA,-0.03756299334012303,-1.0
2021-08-30,BBAS3_SA,-0.029331294662276353,-1.0
2021-08-31,BBAS3_SA,-0.04399014112733213,-1.0
2021-09-02,BBAS3_SA,0.004551079509936162,1.0
2021-09-06,BBAS3_SA,-0.027664587801317864,-1.0
2021-09-08,BBAS3_SA,0.03780878921940323,1.0
2021-09-09,BBAS3_SA,0.026469261876565175,1.0
2021-09-13,BBAS3_SA,0.04566902309578702,1.0
2021-09-14,BBAS3_SA,0.03318488906175965,1.0
2021-09-15,BBAS3_SA,0.03965536430456451,1.0
2021-09-16,BBAS3_SA,0.008822492708483676,1.0
2021-09-17,BBAS3_SA,0.012784709781601622,1.0
2021-09-20,BBAS3_SA,0.15035692540269374,1.0
2021-09-21,BBAS3_SA,0.011842584093550768,1.0
2021-09-22,BBAS3_SA,-0.016678027279845686,-1.0
2021-09-24,BBAS3_SA,0.0491258608526679,1.0
2021-09-27,BBAS3_SA,0.07957931822363129,1.0
2021-09-28,BBAS3_SA,0.0657073619990105,1.0
2021-09-29,BBAS3_SA,0.06163479300278829,1.0
2021-09-30,BBAS3_SA,0.11686654250415307,1.0
2021-10-01,BBAS3_SA,0.07377390865365441,1.0
2021-10-04,BBAS3_SA,0.11650148812821914,1.0
2021-10-05,BBAS3_SA,0.06709341072887853,1.0
2021-10-07,BBAS3_SA,0.08996956236332943,1.0
2021-10-08,BBAS3_SA,0.07234972685339747,1.0
2021-10-11,BBAS3_SA,0.056638080068955654,1.0
2021-10-14,BBAS3_SA,0.06738991245386217,1.0
2021-10-15,BBAS3_SA,0.03476542229613555,1.0
2021-10-18,BBAS3_SA,-0.0028781050241858397,-1.0
2021-10-19,BBAS3_SA,0.04522875709326413,1.0
2021-10-20,BBAS3_SA,-0.00914928369854795,-1.0
2021-10-21,BBAS3_SA,0.005600692785025174,1.0
2021-10-22,BBAS3_SA,0.04007446794282554,1.0
2021-10-25,BBAS3_SA,0.013055922584983115,1.0
2021-10-26,BBAS3_SA,0.019971026295712013,1.0
2021-10-28,BBAS3_SA,0.15961065486885828,1.0
2021-10-29,BBAS3_SA,0.17629271981841632,1.0
2021-11-01,BBAS3_SA,0.008783030437127026,1.0
2021-11-03,BBAS3_SA,0.0012080194546744139,1.0
2021-11-04,BBAS3_SA,0.17013423708489595,1.0
2021-11-05,BBAS3_SA,-0.01274278985711097,-1.0
2021-11-08,BBAS3_SA,-0.011153182993277277,-1.0
2021-11-10,BBAS3_SA,-0.047265979266121194,-1.0
2021-11-11,BBAS3_SA,-0.02460304892134202,-1.0
2021-11-16,BBAS3_SA,0.01653020246461101,1.0
2021-11-17,BBAS3_SA,0.05752597514929492,1.0
2021-11-18,BBAS3_SA,0.15243534625174981,1.0
2021-11-22,BBAS3_SA,0.1604133939173613,1.0
2021-11-23,BBAS3_SA,0.05659558913433771,1.0
2021-11-24,BBAS3_SA,0.03737872497558592,1.0
2021-11-25,BBAS3_SA,-0.009080882321677142,-1.0
2021-11-26,BBAS3_SA,0.051221117224667934,1.0
2021-11-30,BBAS3_SA,0.019669567643497254,1.0
2021-12-01,BBAS3_SA,0.0436859183964311,1.0
2021-12-02,BBAS3_SA,0.02109133491510029,1.0
2021-12-06,BBAS3_SA,-0.0249449866840864,-1.0
2021-12-07,BBAS3_SA,-0.004101905219387025,-1.0
2021-12-08,BBAS3_SA,-0.01050547430454285,-1.0
2021-12-09,BBAS3_SA,0.0004348207718114505,1.0
2021-12-10,BBAS3_SA,-0.0038222125968213616,-1.0
2021-12-13,BBAS3_SA,-0.0042117741336873404,-1.0
2021-12-15,BBAS3_SA,0.05998095818202631,1.0
2021-12-17,BBAS3_SA,0.15825915874507657,1.0
2021-12-20,BBAS3_SA,0.1940855980458831,1.0
2021-12-22,BBAS3_SA,0.19774951379686834,1.0
2021-12-23,BBAS3_SA,0.2022587746375013,1.0
2021-12-28,BBAS3_SA,0.20680155884691476,1.0
2021-12-29,BBAS3_SA,0.1533150388975848,1.0
2021-12-30,BBAS3_SA,0.157712268338573,1.0
2022-01-05,BBAS3_SA,0.14522381809298657,1.0
2022-01-06,BBAS3_SA,0.14195817819378487,1.0
2022-01-10,BBAS3_SA,0.16052803534320037,1.0
2022-01-11,BBAS3_SA,0.15570938797943623,1.0
2022-01-12,BBAS3_SA,0.144619611883275,1.0
2022-01-13,BBAS3_SA,0.1848229732209079,1.0
2022-01-14,BBAS3_SA,0.15521227569170626,1.0
2022-01-18,BBAS3_SA,0.1428106820375794,1.0
2022-01-19,BBAS3_SA,0.13931006456817285,1.0
2022-01-20,BBAS3_SA,0.15544864567581107,1.0
2022-01-24,BBAS3_SA,0.14992030993137684,1.0
2022-01-25,BBAS3_SA,0.13168808762061968,1.0
2022-01-26,BBAS3_SA,0.13186824232919525,1.0
2022-01-27,BBAS3_SA,0.11564343358657636,1.0
2022-01-28,BBAS3_SA,0.11353331496137575,1.0
2022-01-31,BBAS3_SA,0.10111118460814916,1.0
2022-02-02,BBAS3_SA,0.12410362723510149,1.0
2022-02-03,BBAS3_SA,0.1271316482141076,1.0
2022-02-07,BBAS3_SA,0.13151297460743816,1.0
2022-02-08,BBAS3_SA,0.11956526189186101,1.0
2022-02-09,BBAS3_SA,0.12938585253232504,1.0
2022-02-10,BBAS3_SA,0.11713676559365904,1.0
2022-02-11,BBAS3_SA,0.07980066407182296,1.0
2022-02-14,BBAS3_SA,0.08051647218251179,1.0
2022-02-15,BBAS3_SA,0.0324919824789327,1.0
2022-02-16,BBAS3_SA,0.06456286296854286,1.0
2022-02-18,BBAS3_SA,0.004998950715886297,1.0
2022-02-21,BBAS3_SA,0.005612348585283478,1.0
2022-02-22,BBAS3_SA,0.00410597893754483,1.0
2022-02-23,BBAS3_SA,-0.02340116354459465,-1.0
2022-02-24,BBAS3_SA,0.013190140630181313,1.0
2022-02-25,BBAS3_SA,-0.0046800018460522175,-1.0
2022-03-02,BBAS3_SA,-0.038450318870090205,-1.0
2022-03-04,BBAS3_SA,-0.0008219217576986848,-1.0
2022-03-07,BBAS3_SA,0.07421621505642739,1.0
2022-03-08,BBAS3_SA,0.03830739196910016,1.0
2022-03-09,BBAS3_SA,-0.014085462426358775,-1.0
2022-03-10,BBAS3_SA,0.0015808847777083468,1.0
2022-03-11,BBAS3_SA,0.010216986754631119,1.0
2022-03-14,BBAS3_SA,0.026051404680215384,1.0
2022-03-15,BBAS3_SA,0.06416439213504632,1.0
2022-03-16,BBAS3_SA,0.04868596927117674,1.0
2022-03-17,BBAS3_SA,0.03906465808630366,1.0
2022-03-21,BBAS3_SA,0.04359240529322528,1.0
2022-03-22,BBAS3_SA,0.017094434793022417,1.0
2022-03-23,BBAS3_SA,0.05956474154061642,1.0
2022-03-24,BBAS3_SA,0.0917326427692502,1.0
2022-03-28,BBAS3_SA,0.09374819828176206,1.0
2022-03-29,BBAS3_SA,0.08588686016014813,1.0
2022-03-30,BBAS3_SA,0.08046472312101449,1.0
2022-03-31,BBAS3_SA,0.05794832078556511,1.0
2022-04-04,BBAS3_SA,0.08678109811915369,1.0
2022-04-05,BBAS3_SA,0.1527651547200939,1.0
2022-04-06,BBAS3_SA,0.14693614016689294,1.0
2022-04-07,BBAS3_SA,0.0629461279846395,1.0
2022-04-08,BBAS3_SA,0.03703962865674537,1.0
2022-04-11,BBAS3_SA,0.02124756563126584,1.0
2022-04-13,BBAS3_SA,-0.00017638641690953527,-1.0
2022-04-18,BBAS3_SA,-0.058348130245637564,-1.0
2022-04-19,BBAS3_SA,-0.008413919643166845,-1.0
2022-04-22,BBAS3_SA,0.024175623845359206,1.0
2022-04-25,BBAS3_SA,-0.0254578282041088,-1.0
2022-04-26,BBAS3_SA,-0.0066756642296683655,-1.0
2022-04-27,BBAS3_SA,-0.01736914060105188,-1.0
2022-04-29,BBAS3_SA,0.16074636343916326,1.0
2022-05-02,BBAS3_SA,0.1691934441429439,1.0
2022-05-03,BBAS3_SA,0.14557329486631443,1.0
2022-05-04,BBAS3_SA,-0.011929962347657974,-1.0
2022-05-05,BBAS3_SA,0.007436976334325829,1.0
2022-05-06,BBAS3_SA,0.0008307842631209983,1.0
2022-05-10,BBAS3_SA,0.14932918431686115,1.0
2022-05-11,BBAS3_SA,-0.00932029683143254,-1.0
2022-05-12,BBAS3_SA,-0.024501440453103318,-1.0
2022-05-17,BBAS3_SA,-0.08102554723103295,-1.0
2022-05-18,BBAS3_SA,-0.06886061625190798,-1.0
2022-05-19,BBAS3_SA,-0.04413985200197801,-1.0
2022-05-20,BBAS3_SA,-0.06469878309965615,-1.0
2022-05-23,BBAS3_SA,-0.07833967303833089,-1.0
2022-05-25,BBAS3_SA,-0.06386076227678483,-1.0
2022-05-26,BBAS3_SA,-0.06756667360159674,-1.0
2022-05-27,BBAS3_SA,-0.04283644217178284,-1.0
2022-05-30,BBAS3_SA,-0.01347961191894953,-1.0
2022-05-31,BBAS3_SA,-0.021968321601371632,-1.0
2022-06-02,BBAS3_SA,-0.013108337793436786,-1.0
2022-06-03,BBAS3_SA,-0.007277008942171315,-1.0
2022-06-06,BBAS3_SA,0.018738468204526404,1.0
2022-06-07,BBAS3_SA,0.03300362816319247,1.0
2022-06-08,BBAS3_SA,0.06215114429882318,1.0
2022-06-10,BBAS3_SA,0.13664659224212783,1.0
2022-06-13,BBAS3_SA,0.1632446174218931,1.0
2022-06-15,BBAS3_SA,0.14478697723948342,1.0
2022-06-20,BBAS3_SA,0.15237002515806908,1.0
2022-06-21,BBAS3_SA,0.1458455353763639,1.0
2022-06-22,BBAS3_SA,0.15003008925730588,1.0
2022-06-23,BBAS3_SA,0.15742671379643913,1.0
2022-06-24,BBAS3_SA,0.14294492238571732,1.0
2022-06-27,BBAS3_SA,0.17657703232494604,1.0
2022-06-28,BBAS3_SA,0.17233073724355008,1.0
2022-06-29,BBAS3_SA,0.14238180412069967,1.0
2022-06-30,BBAS3_SA,0.16776497035850135,1.0
2022-07-01,BBAS3_SA,0.1399692491591602,1.0
2022-07-04,BBAS3_SA,0.1437647454316089,1.0
2022-07-05,BBAS3_SA,0.15003008925730588,1.0
2022-07-06,BBAS3_SA,0.13629349669657986,1.0
2022-07-07,BBAS3_SA,0.140657735589798,1.0
2022-07-08,BBAS3_SA,0.12974560856291695,1.0
2022-07-11,BBAS3_SA,0.14863187578764436,1.0
2022-07-12,BBAS3_SA,0.14480432735779192,1.0
2022-07-13,BBAS3_SA,0.13629349669657986,1.0
2022-07-15,BBAS3_SA,0.13551643882351505,1.0
2022-07-18,BBAS3_SA,0.15496264843582908,1.0
2022-07-19,BBAS3_SA,0.14339316775739586,1.0
2022-07-21,BBAS3_SA,0.13520478627865384,1.0
2022-07-22,BBAS3_SA,0.14306322741938193,1.0
2022-07-25,BBAS3_SA,0.13551130262139144,1.0
2022-07-26,BBAS3_SA,0.13165396357893044,1.0
2022-07-27,BBAS3_SA,0.12433216604076103,1.0
2022-07-28,BBAS3_SA,0.15272028182842523,1.0
2022-07-29,BBAS3_SA,0.1604116601991843,1.0
2022-08-01,BBAS3_SA,0.1698429907630543,1.0
2022-08-02,BBAS3_SA,0.15431434098431174,1.0
2022-08-03,BBAS3_SA,0.14638847128328458,1.0
2022-08-04,BBAS3_SA,0.12506781874397865,1.0
2022-08-05,BBAS3_SA,0.16697552810724448,1.0
2022-08-08,BBAS3_SA,0.13134935223849475,1.0
2022-08-09,BBAS3_SA,0.03214502014497089,1.0
2022-08-10,BBAS3_SA,0.04159362291932833,1.0
2022-08-11,BBAS3_SA,-0.000362364461050535,-1.0
2022-08-12,BBAS3_SA,-0.06758669963361974,-1.0
2022-08-15,BBAS3_SA,-0.06642782233412281,-1.0
2022-08-16,BBAS3_SA,-0.06455224931883208,-1.0
2022-08-17,BBAS3_SA,-0.061303609505994006,-1.0
2022-08-18,BBAS3_SA,-0.030984273933524764,-1.0
2022-08-19,BBAS3_SA,-0.0013089470457042784,-1.0
2022-08-22,BBAS3_SA,0.030643982484170662,1.0
2022-08-23,BBAS3_SA,0.057123276949188284,1.0
2022-08-24,BBAS3_SA,0.10161595308905369,1.0
2022-08-25,BBAS3_SA,-0.031841701385730836,-1.0
2022-08-26,BBAS3_SA,-0.043655291541389585,-1.0
2022-08-29,BBAS3_SA,-0.09623044757991905,-1.0
2022-08-30,BBAS3_SA,-0.08225314890936675,-1.0
2022-08-31,BBAS3_SA,-0.0626106026737635,-1.0
2022-09-01,BBAS3_SA,-0.11959087044950834,-1.0
2022-09-02,BBAS3_SA,-0.10290080761955511,-1.0
2022-09-05,BBAS3_SA,-0.06440320306524994,-1.0
2022-09-06,BBAS3_SA,-0.002707132783384969,-1.0
2022-09-08,BBAS3_SA,-0.03336157064083034,-1.0
2022-09-09,BBAS3_SA,-0.05487675402692138,-1.0
2022-09-12,BBAS3_SA,-0.09402626698463235,-1.0
2022-09-13,BBAS3_SA,-0.09671808994311626,-1.0
2022-09-15,BBAS3_SA,-0.08657431518458214,-1.0
2022-09-16,BBAS3_SA,-0.10533006688247049,-1.0
2022-09-19,BBAS3_SA,-0.14136422694047557,-1.0
2022-09-20,BBAS3_SA,-0.15714638451598084,-1.0
2022-09-21,BBAS3_SA,-0.13086409617501882,-1.0
2022-09-22,BBAS3_SA,-0.16343402319498557,-1.0
2022-09-23,BBAS3_SA,-0.13414678797248858,-1.0
2022-09-26,BBAS3_SA,-0.08174978912213549,-1.0
2022-09-27,BBAS3_SA,-0.09158408399272944,-1.0
2022-09-29,BBAS3_SA,-0.059084971414902765,-1.0
2022-09-30,BBAS3_SA,-0.06268506077768587,-1.0
2022-10-03,BBAS3_SA,-0.13013886456703827,-1.0
2022-10-04,BBAS3_SA,-0.0600832949348471,-1.0
2022-10-05,BBAS3_SA,-0.09624880656918122,-1.0
2022-10-06,BBAS3_SA,-0.10298402739356372,-1.0
2022-10-10,BBAS3_SA,-0.10532759554579807,-1.0
2022-10-11,BBAS3_SA,-0.08467486902607413,-1.0
2022-10-13,BBAS3_SA,-0.12187582286902798,-1.0
2022-10-14,BBAS3_SA,-0.15877899210993862,-1.0
2022-10-17,BBAS3_SA,-0.1864932255507159,-1.0
2022-10-18,BBAS3_SA,-0.1958600277896254,-1.0
2022-10-19,BBAS3_SA,-0.20907040855926107,-1.0
2022-10-20,BBAS3_SA,-0.20871575270547182,-1.0
2022-10-21,BBAS3_SA,-0.22784246124591745,-1.0
2022-10-24,BBAS3_SA,-0.12241312392414105,-1.0
2022-10-25,BBAS3_SA,-0.09897412718476617,-1.0
2022-10-26,BBAS3_SA,-0.042812829251199,-1.0
2022-10-27,BBAS3_SA,-0.05605850813539626,-1.0
2022-10-28,BBAS3_SA,-0.09281386526556679,-1.0
2022-10-31,BBAS3_SA,-0.03166734989177877,-1.0
2022-11-01,BBAS3_SA,-0.052514297416644484,-1.0
2022-11-03,BBAS3_SA,-0.11114515891531151,-1.0
2022-11-04,BBAS3_SA,-0.1403789213316805,-1.0
2022-11-07,BBAS3_SA,-0.0978360062011574,-1.0
2022-11-08,BBAS3_SA,-0.06109039065300115,-1.0
2022-11-09,BBAS3_SA,-0.022110460575452295,-1.0
2022-11-10,BBAS3_SA,-0.012137809357424922,-1.0
2022-11-11,BBAS3_SA,0.027563966297822873,1.0
2022-11-14,BBAS3_SA,0.016924696287941465,1.0
2022-11-16,BBAS3_SA,0.043354526567660256,1.0
2022-11-17,BBAS3_SA,0.06843393774399287,1.0
2022-11-21,BBAS3_SA,0.10740339143820976,1.0
2022-11-22,BBAS3_SA,0.13499033043617992,1.0
2022-11-23,BBAS3_SA,0.14666478102054947,1.0
2022-11-24,BBAS3_SA,0.15602416904038208,1.0
2022-11-25,BBAS3_SA,0.1745357710811828,1.0
2022-11-28,BBAS3_SA,0.14782683756066706,1.0
2022-11-29,BBAS3_SA,0.16510535983792507,1.0
2022-12-02,BBAS3_SA,0.14436941236781853,1.0
2022-12-05,BBAS3_SA,0.16819524554682452,1.0
2022-12-06,BBAS3_SA,0.1424469415191283,1.0
2022-12-08,BBAS3_SA,0.13060238839036353,1.0
2022-12-12,BBAS3_SA,0.21544707979963706,1.0
2022-12-13,BBAS3_SA,0.22755859066202588,1.0
2022-12-14,BBAS3_SA,0.25877098974677804,1.0
2022-12-15,BBAS3_SA,0.25414693927707055,1.0
2022-12-16,BBAS3_SA,0.24693251262771265,1.0
2022-12-19,BBAS3_SA,0.23368712134719116,1.0
2022-12-20,BBAS3_SA,0.2405325021566338,1.0
2022-12-21,BBAS3_SA,0.2426731239281037,1.0
2022-12-22,BBAS3_SA,0.23148419272611642,1.0
2022-12-23,BBAS3_SA,0.18367348326976018,1.0
2022-12-27,BBAS3_SA,0.2310628684661109,1.0
2022-12-28,BBAS3_SA,0.23507346900323856,1.0
2023-01-02,BBAS3_SA,0.22218879131392866,1.0
2023-01-03,BBAS3_SA,0.24540440771009608,1.0
2023-01-04,BBAS3_SA,0.22958238083775862,1.0
2023-01-05,BBAS3_SA,0.23864606018836954,1.0
2023-01-06,BBAS3_SA,0.1524496924854042,1.0
2023-01-09,BBAS3_SA,0.1754936152669142,1.0
2023-01-10,BBAS3_SA,0.13070684877939764,1.0
2023-01-11,BBAS3_SA,0.09383022898679672,1.0
2023-01-12,BBAS3_SA,0.0940208831396292,1.0
2023-01-17,BBAS3_SA,0.03636182970669233,1.0
2023-01-18,BBAS3_SA,0.004226714724776759,1.0
2023-01-19,BBAS3_SA,-0.0236401775822096,-1.0
2023-01-20,BBAS3_SA,-0.035726569673285136,-1.0
2023-01-23,BBAS3_SA,-0.026122873788863465,-1.0
2023-01-24,BBAS3_SA,-0.031868161725213784,-1.0
2023-01-25,BBAS3_SA,-0.047965386059493964,-1.0
2023-01-27,BBAS3_SA,-0.029655092133168637,-1.0
2023-01-30,BBAS3_SA,-0.03353423677352685,-1.0
2023-02-01,BBAS3_SA,0.0013708343576246396,1.0
2023-02-02,BBAS3_SA,0.008656957402185084,1.0
2023-02-03,BBAS3_SA,0.031898306352718286,1.0
2023-02-06,BBAS3_SA,0.022483091140427236,1.0
2023-02-07,BBAS3_SA,0.03324162250093132,1.0
2023-02-08,BBAS3_SA,0.009875096535060912,1.0
2023-02-09,BBAS3_SA,0.03863651517778233,1.0
2023-02-10,BBAS3_SA,0.08946529240051482,1.0
2023-02-13,BBAS3_SA,0.08278647022586472,1.0
2023-02-14,BBAS3_SA,0.07611783526567661,1.0
2023-02-15,BBAS3_SA,0.0688204554224312,1.0
2023-02-16,BBAS3_SA,0.05891498719610988,1.0
2023-02-17,BBAS3_SA,0.03626672483301374,1.0
2023-02-22,BBAS3_SA,0.07267849707074925,1.0
2023-02-23,BBAS3_SA,0.06181442959539085,1.0
2023-02-24,BBAS3_SA,0.07264525243662923,1.0
2023-02-27,BBAS3_SA,0.07857300005196755,1.0
2023-02-28,BBAS3_SA,0.06992245044407186,1.0
2023-03-01,BBAS3_SA,0.10920961334446999,1.0
2023-03-02,BBAS3_SA,0.1282308827813743,1.0
2023-03-03,BBAS3_SA,0.11224492586679768,1.0
2023-03-06,BBAS3_SA,0.09978942004695868,1.0
2023-03-07,BBAS3_SA,0.1023436451024542,1.0
2023-03-08,BBAS3_SA,0.08703064124522397,1.0
2023-03-09,BBAS3_SA,0.10784638575133698,1.0
2023-03-10,BBAS3_SA,0.1439239319134833,1.0
2023-03-13,BBAS3_SA,0.1746664921020722,1.0
2023-03-14,BBAS3_SA,0.17915220584483893,1.0
2023-03-16,BBAS3_SA,0.13728600799702373,1.0
2023-03-17,BBAS3_SA,0.1903488756275873,1.0
2023-03-20,BBAS3_SA,0.19708826013500214,1.0
2023-03-21,BBAS3_SA,0.18305387102770743,1.0
2023-03-23,BBAS3_SA,0.19322785833039924,1.0
2023-03-24,BBAS3_SA,0.1811654730310528,1.0
2023-03-28,BBAS3_SA,0.17243269587414556,1.0
2023-03-29,BBAS3_SA,0.16444758457873077,1.0
2023-03-30,BBAS3_SA,0.14586039897105274,1.0
2023-03-31,BBAS3_SA,0.14088434109976022,1.0
2023-04-03,BBAS3_SA,0.1575680302725191,1.0
2023-04-04,BBAS3_SA,0.15884904289807178,1.0
2023-04-05,BBAS3_SA,0.16299314809211496,1.0
2023-04-06,BBAS3_SA,0.16686788322135904,1.0
2023-04-11,BBAS3_SA,0.1603734493594573,1.0
2023-04-12,BBAS3_SA,0.1784840056558663,1.0
2023-04-14,BBAS3_SA,0.15281497829512625,1.0
2023-04-18,BBAS3_SA,0.16285974298334338,1.0
2023-04-19,BBAS3_SA,0.18541661123186004,1.0
2023-04-20,BBAS3_SA,0.1871989861397816,1.0
2023-04-25,BBAS3_SA,0.18762072038644417,1.0
2023-04-26,BBAS3_SA,0.1798646543266258,1.0
2023-04-28,BBAS3_SA,0.17463447997707982,1.0
2023-05-02,BBAS3_SA,0.2032704834191661,1.0
2023-05-03,BBAS3_SA,0.2070205934187972,1.0
2023-05-04,BBAS3_SA,0.19357117657513156,1.0
2023-05-05,BBAS3_SA,0.18130540356219083,1.0
2023-05-08,BBAS3_SA,0.16863597583067458,1.0
2023-05-09,BBAS3_SA,0.17217273737908556,1.0
2023-05-10,BBAS3_SA,0.17424608182412582,1.0
2023-05-11,BBAS3_SA,0.16340140767208933,1.0
2023-05-12,BBAS3_SA,0.16787316848175982,1.0
2023-05-15,BBAS3_SA,0.16235462408292944,1.0
2023-05-16,BBAS3_SA,0.16646948514722504,1.0
2023-05-19,BBAS3_SA,0.16011469791445299,1.0
2023-05-22,BBAS3_SA,0.15841759081996454,1.0
2023-05-23,BBAS3_SA,0.16130911392909209,1.0
2023-05-24,BBAS3_SA,0.15792518606712336,1.0
2023-05-26,BBAS3_SA,0.15070814623048823,1.0
2023-05-30,BBAS3_SA,0.14298527518219606,1.0
2023-06-01,BBAS3_SA,0.14196340019602216,1.0
2023-06-02,BBAS3_SA,0.17005655606377323,1.0
2023-06-05,BBAS3_SA,0.16277956399626592,1.0
2023-06-06,BBAS3_SA,0.14950235524222943,1.0
2023-06-09,BBAS3_SA,-0.00027855925659703296,-1.0
2023-06-12,BBAS3_SA,-0.036868042035955506,-1.0
2023-06-13,BBAS3_SA,-0.03352530029050016,-1.0
2023-06-14,BBAS3_SA,-0.04359407889725819,-1.0
2023-06-15,BBAS3_SA,-0.05796225083235329,-1.0
2023-06-16,BBAS3_SA,-0.04061413715309292,-1.0
2023-06-19,BBAS3_SA,-0.0674470211579633,-1.0
2023-06-21,BBAS3_SA,-0.09290258163118403,-1.0
2023-06-22,BBAS3_SA,-0.06666674992669419,-1.0
2023-06-26,BBAS3_SA,-0.06883064937985706,-1.0
2023-06-27,BBAS3_SA,-0.02776776077692089,-1.0
2023-06-28,BBAS3_SA,-0.011500244680201055,-1.0
2023-06-29,BBAS3_SA,-0.033392267101776785,-1.0
2023-06-30,BBAS3_SA,-0.033442989524948064,-1.0
2023-07-03,BBAS3_SA,-0.02517492442746483,-1.0
2023-07-04,BBAS3_SA,-0.013457974666176598,-1.0
2023-07-05,BBAS3_SA,-0.021231395511882356,-1.0
2023-07-06,BBAS3_SA,-0.022222416132402723,-1.0
2023-07-07,BBAS3_SA,-0.03429849813336672,-1.0
2023-07-10,BBAS3_SA,-0.019293718965267104,-1.0
2023-07-11,BBAS3_SA,-0.008670245771628005,-1.0
2023-07-12,BBAS3_SA,0.0007425091663342265,1.0
2023-07-13,BBAS3_SA,-0.011604474097227091,-1.0
2023-07-14,BBAS3_SA,0.010814781460592782,1.0
2023-07-17,BBAS3_SA,0.007404415622438432,1.0
2023-07-18,BBAS3_SA,0.0032160820312985283,1.0
2023-07-19,BBAS3_SA,0.02379155219612228,1.0
2023-07-20,BBAS3_SA,0.016108120078557997,1.0
2023-07-21,BBAS3_SA,-5.241564386637698e-05,-1.0
2023-07-24,BBAS3_SA,0.018409241671531573,1.0
2023-07-25,BBAS3_SA,0.03288445632066095,1.0
2023-07-26,BBAS3_SA,0.0008217247276505191,1.0
2023-07-27,BBAS3_SA,0.0235598200731435,1.0
2023-07-28,BBAS3_SA,0.0060180712457420515,1.0
2023-07-31,BBAS3_SA,-0.027012748317845836,-1.0
2023-08-01,BBAS3_SA,-0.0013066552287103184,-1.0
2023-08-02,BBAS3_SA,0.02616358695111587,1.0
2023-08-03,BBAS3_SA,0.014549062603266272,1.0
2023-08-04,BBAS3_SA,0.01708976023407427,1.0
2023-08-07,BBAS3_SA,0.0058171368829880166,1.0
2023-08-08,BBAS3_SA,0.02051274057436836,1.0
2023-08-09,BBAS3_SA,0.02926092762479726,1.0
2023-08-10,BBAS3_SA,0.06566823546117417,1.0
2023-08-11,BBAS3_SA,0.04861030328965743,1.0
2023-08-14,BBAS3_SA,0.05735105299572152,1.0
2023-08-15,BBAS3_SA,0.07308396731473654,1.0
2023-08-16,BBAS3_SA,0.060723296093007084,1.0
2023-08-17,BBAS3_SA,0.07222923772974377,1.0
2023-08-18,BBAS3_SA,0.05831792694420379,1.0
2023-08-21,BBAS3_SA,0.05693225101682109,1.0
2023-08-22,BBAS3_SA,0.039224883709158886,1.0
2023-08-23,BBAS3_SA,0.03135098412097359,1.0
2023-08-24,BBAS3_SA,0.04353310700884916,1.0
2023-08-25,BBAS3_SA,0.052383742812087686,1.0
2023-08-28,BBAS3_SA,0.023165799307600876,1.0
2023-08-29,BBAS3_SA,0.038633977733391944,1.0
2023-08-30,BBAS3_SA,0.02709836804602883,1.0
2023-08-31,BBAS3_SA,0.036183671496978986,1.0
2023-09-01,BBAS3_SA,0.026855164259902642,1.0
2023-09-04,BBAS3_SA,0.03117863787668318,1.0
2023-09-05,BBAS3_SA,0.0712504792052,1.0
2023-09-06,BBAS3_SA,0.08611323131805615,1.0
2023-09-08,BBAS3_SA,0.10168169418868067,1.0
2023-09-11,BBAS3_SA,0.09829134202190248,1.0
2023-09-12,BBAS3_SA,0.046722898431277304,1.0
2023-09-14,BBAS3_SA,0.056130297168553556,1.0
2023-09-15,BBAS3_SA,0.05762389443581317,1.0
2023-09-18,BBAS3_SA,0.06187958285837958,1.0
2023-09-19,BBAS3_SA,0.07148913032249826,1.0
2023-09-20,BBAS3_SA,0.06771473283500073,1.0
2023-09-21,BBAS3_SA,0.10856026839829891,1.0
2023-09-22,BBAS3_SA,0.10666089743284934,1.0
2023-09-25,BBAS3_SA,0.11309768458156921,1.0
2023-09-26,BBAS3_SA,0.11494750291477995,1.0
2023-09-27,BBAS3_SA,0.10528604584971224,1.0
2023-09-28,BBAS3_SA,0.10516371252403078,1.0
2023-09-29,BBAS3_SA,0.11593899701926613,1.0
2023-10-02,BBAS3_SA,0.11902228529469117,1.0
2023-10-03,BBAS3_SA,0.11237884979558843,1.0
2023-10-04,BBAS3_SA,0.10897435410903866,1.0
2023-10-05,BBAS3_SA,0.12164448702290298,1.0
2023-10-06,BBAS3_SA,0.08515867895603968,1.0
2023-10-09,BBAS3_SA,0.11689695779226095,1.0
2023-10-10,BBAS3_SA,0.11873850905770222,1.0
2023-10-11,BBAS3_SA,0.11190506456854776,1.0
2023-10-13,BBAS3_SA,0.11163472005373953,1.0
2023-10-16,BBAS3_SA,0.0703721984122816,1.0
2023-10-17,BBAS3_SA,0.08726596082770999,1.0
2023-10-18,BBAS3_SA,0.10850949819567113,1.0
2023-10-19,BBAS3_SA,0.11021320601602813,1.0
2023-10-20,BBAS3_SA,0.113813381539011,1.0
2023-10-23,BBAS3_SA,0.10371439297991536,1.0
2023-10-24,BBAS3_SA,0.10664773169684949,1.0
2023-10-26,BBAS3_SA,0.10239787968142733,1.0
2023-10-27,BBAS3_SA,0.11209036749576873,1.0
2023-10-30,BBAS3_SA,0.11989289907057721,1.0
2023-10-31,BBAS3_SA,0.12244081776286286,1.0
2023-11-03,BBAS3_SA,0.1035456742699461,1.0
2023-11-06,BBAS3_SA,0.10486580319139138,1.0
2023-11-07,BBAS3_SA,0.09173321581278016,1.0
2023-11-08,BBAS3_SA,0.06183439447534744,1.0
2023-11-09,BBAS3_SA,0.10998898631302123,1.0
2023-11-10,BBAS3_SA,0.09766616865891886,1.0
2023-11-13,BBAS3_SA,0.11369577722081714,1.0
2023-11-14,BBAS3_SA,0.10838076110336003,1.0
2023-11-17,BBAS3_SA,0.1163759499940269,1.0
2023-11-20,BBAS3_SA,0.11045775309413663,1.0
2023-11-21,BBAS3_SA,0.10266339646070488,1.0
2023-11-22,BBAS3_SA,0.11220462591952862,1.0
2023-11-23,BBAS3_SA,0.10849877936664898,1.0
2023-11-24,BBAS3_SA,0.10980399298019483,1.0
2023-11-27,BBAS3_SA,0.09842895199559876,1.0
2023-11-28,BBAS3_SA,0.088898219780561,1.0
2023-11-29,BBAS3_SA,0.07865780770509367,1.0
2023-11-30,BBAS3_SA,0.04267166282477919,1.0
2023-12-01,BBAS3_SA,0.04463385457453062,1.0
2023-12-04,BBAS3_SA,0.07264814139962605,1.0
2023-12-06,BBAS3_SA,0.10751093229015884,1.0
2023-12-07,BBAS3_SA,0.11336788972352507,1.0
2023-12-08,BBAS3_SA,0.09855119286786773,1.0
2023-12-12,BBAS3_SA,0.1112380976392775,1.0
2023-12-13,BBAS3_SA,0.12495285312602644,1.0
2023-12-14,BBAS3_SA,0.11756988801618928,1.0
2023-12-15,BBAS3_SA,0.05969594547100665,1.0
2023-12-19,BBAS3_SA,0.08113041080428185,1.0
2023-12-20,BBAS3_SA,0.09647666704404667,1.0
2023-12-21,BBAS3_SA,0.07017865519518063,1.0
2023-12-22,BBAS3_SA,0.05400454119886611,1.0
2023-12-26,BBAS3_SA,0.05442303452922692,1.0
2023-12-27,BBAS3_SA,0.06872043689358254,1.0
2023-12-28,BBAS3_SA,0.060660811170772266,1.0
2024-01-02,BBAS3_SA,0.05661085944157973,1.0
2024-01-04,BBAS3_SA,0.06361786598760055,1.0
2024-01-05,BBAS3_SA,0.05830910376526077,1.0
2024-01-08,BBAS3_SA,0.06485989458614072,1.0
2024-01-09,BBAS3_SA,0.07079959057109297,1.0
2024-01-10,BBAS3_SA,0.062098153218239416,1.0
2024-01-11,BBAS3_SA,0.04434305573201547,1.0
2024-01-12,BBAS3_SA,0.052533913575684155,1.0
2024-01-15,BBAS3_SA,0.020837073931918804,1.0
2024-01-16,BBAS3_SA,0.022176933667620302,1.0
2024-01-17,BBAS3_SA,0.03060270572852053,1.0
2024-01-18,BBAS3_SA,0.019774813313793382,1.0
2024-01-19,BBAS3_SA,0.00559537977981428,1.0
2024-01-22,BBAS3_SA,0.023172365676743523,1.0
2024-01-23,BBAS3_SA,-0.008816540573020615,-1.0
2024-01-24,BBAS3_SA,-0.014830585039269595,-1.0
2024-01-25,BBAS3_SA,-0.009695315268329896,-1.0
2024-01-26,BBAS3_SA,-0.011170532977561098,-1.0
2024-01-29,BBAS3_SA,-0.0025848525548174406,-1.0
2024-01-30,BBAS3_SA,0.014202047677983387,1.0
2024-01-31,BBAS3_SA,0.0006146559169619703,1.0
2024-02-01,BBAS3_SA,-0.020170826110890827,-1.0
2024-02-05,BBAS3_SA,-0.019889111833599427,-1.0
2024-02-06,BBAS3_SA,-0.03655351861892475,-1.0
2024-02-07,BBAS3_SA,-0.018878889415090194,-1.0
2024-02-08,BBAS3_SA,0.0046354191790072274,1.0
2024-02-09,BBAS3_SA,0.007741421055438957,1.0
2024-02-14,BBAS3_SA,-0.003313099594276503,-1.0
2024-02-16,BBAS3_SA,-0.017324278937168702,-1.0
2024-02-19,BBAS3_SA,-0.0457769692954092,-1.0
2024-02-20,BBAS3_SA,-0.04985353520698155,-1.0
2024-02-21,BBAS3_SA,-0.053447047243802115,-1.0
2024-02-22,BBAS3_SA,-0.03924395866500574,-1.0
2024-02-23,BBAS3_SA,-0.03842273069939928,-1.0
2024-02-26,BBAS3_SA,-0.04024940314188119,-1.0
2024-02-27,BBAS3_SA,-0.05514410563687977,-1.0
2024-02-28,BBAS3_SA,-0.06118846745813933,-1.0
2024-02-29,BBAS3_SA,-0.04674783000187366,-1.0
2024-03-01,BBAS3_SA,-0.04182278512640569,-1.0
2024-03-04,BBAS3_SA,-0.04237605909741382,-1.0
2024-03-05,BBAS3_SA,-0.03891304053866185,-1.0
2024-03-06,BBAS3_SA,-0.03550564109120957,-1.0
2024-03-07,BBAS3_SA,-0.02073305710015616,-1.0
2024-03-08,BBAS3_SA,-0.014213668531263046,-1.0
2024-03-11,BBAS3_SA,-0.0010555137312768803,-1.0
2024-03-12,BBAS3_SA,-0.05763882308330326,-1.0
2024-03-13,BBAS3_SA,-0.030196492305832323,-1.0
2024-03-14,BBAS3_SA,-0.018515381515485374,-1.0
2024-03-15,BBAS3_SA,-0.022168050798288097,-1.0
2024-03-18,BBAS3_SA,-0.013028554255242741,-1.0
2024-03-19,BBAS3_SA,-0.008418397130658062,-1.0
2024-03-20,BBAS3_SA,-0.018607329516974747,-1.0
2024-03-21,BBAS3_SA,0.003594594998885814,1.0
2024-03-22,BBAS3_SA,0.0070386241257556215,1.0
2024-03-25,BBAS3_SA,-0.011324809022742799,-1.0
2024-03-26,BBAS3_SA,-0.03665306392900314,-1.0
2024-03-28,BBAS3_SA,-0.031790713457437336,-1.0
2024-04-01,BBAS3_SA,-0.02567760041505973,-1.0
2024-04-02,BBAS3_SA,-0.02723863678370575,-1.0
2024-04-03,BBAS3_SA,-0.038127195524199076,-1.0
2024-04-04,BBAS3_SA,-0.04350884102483066,-1.0
2024-04-05,BBAS3_SA,-0.04472905068541444,-1.0
2024-04-08,BBAS3_SA,-0.057340249322734294,-1.0
2024-04-09,BBAS3_SA,-0.052919866562055384,-1.0
2024-04-10,BBAS3_SA,-0.056249972431367645,-1.0
2024-04-11,BBAS3_SA,-0.05749922179422273,-1.0
2024-04-12,BBAS3_SA,-0.03456738215569122,-1.0
2024-04-15,BBAS3_SA,-0.04395046195673891,-1.0
2024-04-16,BBAS3_SA,-0.026430431322816306,-1.0
2024-04-17,BBAS3_SA,-0.030928138596751586,-1.0
2024-04-18,BBAS3_SA,-0.02954024262160526,-1.0
2024-04-19,BBAS3_SA,-0.03551858944347985,-1.0
2024-04-22,BBAS3_SA,-0.0171420044722026,-1.0
2024-04-23,BBAS3_SA,-0.020164940789427765,-1.0
2024-04-24,BBAS3_SA,-0.008403667883400634,-1.0
2024-04-25,BBAS3_SA,0.003427732708684905,1.0
2024-04-29,BBAS3_SA,-0.00648354860757383,-1.0
2024-04-30,BBAS3_SA,-0.0021469860279760278,-1.0
2024-05-02,BBAS3_SA,-0.012220200742260934,-1.0
2024-05-03,BBAS3_SA,-0.04278140776354289,-1.0
2024-05-06,BBAS3_SA,-0.04492807266730492,-1.0
2024-05-07,BBAS3_SA,-0.03247173791271474,-1.0
2024-05-08,BBAS3_SA,-0.030484723448906292,-1.0
2024-05-09,BBAS3_SA,0.009280202441928287,1.0
2024-05-10,BBAS3_SA,-0.02458450694787473,-1.0
2024-05-13,BBAS3_SA,-0.03525848224172701,-1.0
2024-05-14,BBAS3_SA,-0.02645844640854622,-1.0
2024-05-15,BBAS3_SA,-0.018601143619412563,-1.0
2024-05-16,BBAS3_SA,-0.006707258595188392,-1.0
2024-05-20,BBAS3_SA,-0.007537639362662829,-1.0
2024-05-22,BBAS3_SA,0.013209461692792024,1.0
2024-05-23,BBAS3_SA,0.031227837537129766,1.0
2024-05-24,BBAS3_SA,0.02703184714818274,1.0
2024-05-27,BBAS3_SA,0.00868504871995257,1.0
2024-05-28,BBAS3_SA,0.007882042980003279,1.0
2024-05-31,BBAS3_SA,0.02476131234939305,1.0
2024-06-03,BBAS3_SA,0.02513877221511085,1.0
2024-06-04,BBAS3_SA,0.014223952996887501,1.0
2024-06-05,BBAS3_SA,-0.0030262625753505468,-1.0
2024-06-06,BBAS3_SA,-0.022677837492291464,-1.0
2024-06-07,BBAS3_SA,-0.01369561761027227,-1.0
2024-06-10,BBAS3_SA,-0.013276191239747215,-1.0
2024-06-11,BBAS3_SA,-0.00727418239293387,-1.0
2024-06-12,BBAS3_SA,-0.0014100458891826984,-1.0
2024-06-13,BBAS3_SA,-0.01228555910566842,-1.0
2024-06-14,BBAS3_SA,0.003780737125356648,1.0
2024-06-18,BBAS3_SA,0.05329754026167399,1.0
2024-06-19,BBAS3_SA,0.06318993217899216,1.0
2024-06-20,BBAS3_SA,0.06669192510877298,1.0
2024-06-21,BBAS3_SA,0.0661405444098686,1.0
2024-06-24,BBAS3_SA,0.08653463793132565,1.0
2024-06-25,BBAS3_SA,0.08330214202237785,1.0
2024-06-26,BBAS3_SA,0.09060255290477626,1.0
2024-07-01,BBAS3_SA,0.1050832681220637,1.0
2024-07-02,BBAS3_SA,0.10132297920824862,1.0
2024-07-03,BBAS3_SA,0.09060255290477626,1.0
2024-07-04,BBAS3_SA,0.08491602536680132,1.0
2024-07-05,BBAS3_SA,0.0897866569284862,1.0
2024-07-08,BBAS3_SA,0.07911738647093292,1.0
2024-07-09,BBAS3_SA,0.0828241816556925,1.0
2024-07-10,BBAS3_SA,0.09470104236496213,1.0
2024-07-11,BBAS3_SA,0.10007534827895581,1.0
2024-07-12,BBAS3_SA,0.08572481487925288,1.0
2024-07-15,BBAS3_SA,0.08089034266148731,1.0
2024-07-16,BBAS3_SA,0.07729254186756074,1.0
2024-07-17,BBAS3_SA,0.0790991796886158,1.0
2024-07-18,BBAS3_SA,0.07613108732968832,1.0
2024-07-19,BBAS3_SA,0.07930673639500663,1.0
2024-07-22,BBAS3_SA,0.07811369525120115,1.0
2024-07-23,BBAS3_SA,0.07968855115095619,1.0
2024-07-24,BBAS3_SA,0.084108439941315,1.0
2024-07-25,BBAS3_SA,0.08330214202237785,1.0
2024-07-26,BBAS3_SA,0.07411480772736323,1.0
2024-07-29,BBAS3_SA,0.07253296042388269,1.0
2024-07-30,BBAS3_SA,0.08089034266148731,1.0
2024-07-31,BBAS3_SA,0.09717484952165467,1.0
2024-08-01,BBAS3_SA,0.0758436499076689,1.0
2024-08-02,BBAS3_SA,0.07607037165250574,1.0
2024-08-05,BBAS3_SA,0.0828241816556925,1.0
2024-08-06,BBAS3_SA,0.09305793808210372,1.0
2024-08-07,BBAS3_SA,0.07870722269687436,1.0
2024-08-08,BBAS3_SA,0.08323792485269244,1.0
2024-08-09,BBAS3_SA,0.09717484952165467,1.0
2024-08-12,BBAS3_SA,0.08665916752958225,1.0
2024-08-13,BBAS3_SA,0.004962837463260428,1.0
2024-08-14,BBAS3_SA,-0.0317375677843621,-1.0
2024-08-15,BBAS3_SA,-0.04766510301755256,-1.0
2024-08-16,BBAS3_SA,-0.05036153119715703,-1.0
2024-08-19,BBAS3_SA,-0.06846358737578484,-1.0
2024-08-20,BBAS3_SA,-0.0743511469005883,-1.0
2024-08-21,BBAS3_SA,-0.06003331723528582,-1.0
2024-08-22,BBAS3_SA,-0.03981437388605735,-1.0
2024-08-23,BBAS3_SA,-0.04802939607922141,-1.0
2024-08-26,BBAS3_SA,-0.05421290766198783,-1.0
2024-08-27,BBAS3_SA,-0.05490709836805874,-1.0
2024-08-28,BBAS3_SA,-0.0595368077749131,-1.0
2024-08-29,BBAS3_SA,-0.06245754542634718,-1.0
2024-08-30,BBAS3_SA,-0.05609828952626894,-1.0
2024-09-02,BBAS3_SA,-0.06783291710595751,-1.0
2024-09-03,BBAS3_SA,-0.08154787532702645,-1.0
2024-09-04,BBAS3_SA,-0.0844250919194971,-1.0
2024-09-05,BBAS3_SA,-0.09841362168873169,-1.0
2024-09-06,BBAS3_SA,-0.08721990751499831,-1.0
2024-09-09,BBAS3_SA,-0.09573605794638618,-1.0
2024-09-10,BBAS3_SA,-0.0793822196164855,-1.0
2024-09-12,BBAS3_SA,-0.07226360445923319,-1.0
2024-09-13,BBAS3_SA,-0.08550340223154185,-1.0
2024-09-16,BBAS3_SA,-0.08960453271145552,-1.0
2024-09-17,BBAS3_SA,-0.0859456216880482,-1.0
2024-09-18,BBAS3_SA,-0.08141579898691931,-1.0
2024-09-19,BBAS3_SA,-0.09100674723350843,-1.0
2024-09-20,BBAS3_SA,-0.06509091345508178,-1.0
2024-09-23,BBAS3_SA,-0.05656949331167027,-1.0
2024-09-25,BBAS3_SA,-0.062270884856742925,-1.0
2024-09-26,BBAS3_SA,-0.06295471572589717,-1.0
2024-09-27,BBAS3_SA,-0.039962616613238966,-1.0
2024-09-30,BBAS3_SA,-0.05436311314850084,-1.0
2024-10-01,BBAS3_SA,-0.07872017419337851,-1.0
2024-10-02,BBAS3_SA,-0.07020992432925333,-1.0
2024-10-03,BBAS3_SA,-0.06914590770543938,-1.0
2024-10-04,BBAS3_SA,-0.05637693875148131,-1.0
2024-10-07,BBAS3_SA,-0.04959408387777442,-1.0
2024-10-09,BBAS3_SA,-0.0464231265624,-1.0
2024-10-10,BBAS3_SA,-0.0403858753879347,-1.0
2024-10-11,BBAS3_SA,-0.03893093943515458,-1.0
2024-10-14,BBAS3_SA,-0.025449017253059703,-1.0
2024-10-15,BBAS3_SA,-0.03653863697127746,-1.0
2024-10-16,BBAS3_SA,-0.06001917602420881,-1.0
2024-10-17,BBAS3_SA,-0.07205480079605109,-1.0
2024-10-18,BBAS3_SA,-0.06101447733903287,-1.0
2024-10-21,BBAS3_SA,-0.08476112282969384,-1.0
2024-10-22,BBAS3_SA,-0.06777189568735276,-1.0
2024-10-23,BBAS3_SA,-0.06142839598709582,-1.0
2024-10-24,BBAS3_SA,-0.06872593071342015,-1.0
2024-10-28,BBAS3_SA,-0.059902223386229636,-1.0
2024-10-29,BBAS3_SA,-0.0521607012581079,-1.0
2024-10-30,BBAS3_SA,-0.07608432008463839,-1.0
2024-10-31,BBAS3_SA,-0.07468066478084456,-1.0
2024-11-01,BBAS3_SA,-0.057514863241842074,-1.0
2024-11-04,BBAS3_SA,-0.05156039914503041,-1.0
2024-11-06,BBAS3_SA,-0.07362508441831839,-1.0
2024-11-07,BBAS3_SA,-0.06973425322061177,-1.0
2024-11-08,BBAS3_SA,-0.04401676974758495,-1.0
2024-11-11,BBAS3_SA,-0.027390788163679125,-1.0
2024-11-12,BBAS3_SA,-0.0006223929447105592,-1.0
2024-11-14,BBAS3_SA,0.025461252394639367,1.0
2024-11-18,BBAS3_SA,0.015093609318008738,1.0
2024-11-19,BBAS3_SA,0.01872737804101532,1.0
2024-11-21,BBAS3_SA,0.06161703408545427,1.0
2024-11-22,BBAS3_SA,0.0711695557859291,1.0
2024-11-25,BBAS3_SA,0.06094446030358869,1.0
2024-11-26,BBAS3_SA,0.08703517395345273,1.0
2024-11-27,BBAS3_SA,0.1064311396546187,1.0
2024-11-28,BBAS3_SA,0.09915262383015455,1.0
2024-11-29,BBAS3_SA,0.12653203077549402,1.0
2024-12-02,BBAS3_SA,0.09512658496063042,1.0
2024-12-03,BBAS3_SA,0.12200222025708496,1.0
2024-12-04,BBAS3_SA,0.10862911820884791,1.0
2024-12-05,BBAS3_SA,0.09751240835562314,1.0
2024-12-06,BBAS3_SA,0.1283539322727658,1.0
2024-12-09,BBAS3_SA,0.1310981896708865,1.0
2024-12-10,BBAS3_SA,0.12380976594932203,1.0
2024-12-11,BBAS3_SA,0.10032308787141475,1.0
2024-12-12,BBAS3_SA,0.11509041734990921,1.0
2024-12-13,BBAS3_SA,0.13055884222883174,1.0
2024-12-16,BBAS3_SA,0.10596018177008482,1.0
2024-12-17,BBAS3_SA,0.13472538024017977,1.0
2024-12-18,BBAS3_SA,0.10067396910608428,1.0
2024-12-19,BBAS3_SA,0.11845966776305894,1.0
2024-12-20,BBAS3_SA,0.10963452088581915,1.0
2024-12-23,BBAS3_SA,0.11705693274137885,1.0
2024-12-26,BBAS3_SA,0.10413216870688236,1.0
2024-12-27,BBAS3_SA,0.10825391484084146,1.0
2024-12-30,BBAS3_SA,0.10550261127443039,1.0
2025-01-02,BBAS3_SA,0.11705693274137885,1.0
2025-01-03,BBAS3_SA,0.10067396910608428,1.0
2025-01-06,BBAS3_SA,0.11519198877169434,1.0
2025-01-07,BBAS3_SA,0.10185572523979047,1.0
2025-01-08,BBAS3_SA,0.10596018177008482,1.0
2025-01-09,BBAS3_SA,0.10094755242878573,1.0
2025-01-10,BBAS3_SA,0.10367629483972562,1.0
2025-01-14,BBAS3_SA,0.1241378888944118,1.0
2025-01-15,BBAS3_SA,0.11396916446883854,1.0
2025-01-16,BBAS3_SA,0.1091411399697384,1.0
2025-01-17,BBAS3_SA,0.11045362943614445,1.0
2025-01-20,BBAS3_SA,0.10696030229799391,1.0
2025-01-21,BBAS3_SA,0.12042089973282866,1.0
2025-01-22,BBAS3_SA,0.11595855399335586,1.0
2025-01-23,BBAS3_SA,0.08647848770852962,1.0
2025-01-24,BBAS3_SA,0.09478962197038321,1.0
2025-01-27,BBAS3_SA,0.06428532183464286,1.0
2025-01-28,BBAS3_SA,0.0667819883986247,1.0
2025-01-29,BBAS3_SA,0.06841571585189099,1.0
2025-01-30,BBAS3_SA,0.0440189279851273,1.0
2025-01-31,BBAS3_SA,0.04768747883628155,1.0
2025-02-03,BBAS3_SA,0.05108528277005786,1.0
2025-02-04,BBAS3_SA,0.05092728425319781,1.0
2025-02-05,BBAS3_SA,0.029166907408233467,1.0
2025-02-06,BBAS3_SA,0.006558450723371134,1.0
2025-02-07,BBAS3_SA,0.01812233097275051,1.0
2025-02-10,BBAS3_SA,0.021074009029481422,1.0
2025-02-11,BBAS3_SA,0.0054091710659869285,1.0
2025-02-12,BBAS3_SA,0.03106733539675055,1.0
2025-02-13,BBAS3_SA,0.04677023075579845,1.0
2025-02-14,BBAS3_SA,-0.01124358514727597,-1.0
2025-02-17,BBAS3_SA,-0.02935825411223214,-1.0
2025-02-18,BBAS3_SA,-0.046563246080709164,-1.0
2025-02-19,BBAS3_SA,-0.014657444156265464,-1.0
2025-02-20,BBAS3_SA,0.025112108405660694,1.0
2025-02-24,BBAS3_SA,0.031011396083334253,1.0
2025-02-25,BBAS3_SA,0.028000828289071134,1.0
2025-02-26,BBAS3_SA,0.039330667960849164,1.0
2025-02-27,BBAS3_SA,0.059162474794167474,1.0
2025-02-28,BBAS3_SA,0.08324709056422375,1.0
2025-03-05,BBAS3_SA,0.07341299929908285,1.0
2025-03-06,BBAS3_SA,0.06683996015531823,1.0
2025-03-07,BBAS3_SA,0.06925046084692532,1.0
2025-03-10,BBAS3_SA,0.0763509935953135,1.0
2025-03-11,BBAS3_SA,0.09048969648036209,1.0
2025-03-12,BBAS3_SA,0.07467647095793328,1.0
2025-03-13,BBAS3_SA,0.07893775796271751,1.0
2025-03-14,BBAS3_SA,0.06743197500873266,1.0
2025-03-17,BBAS3_SA,0.033028801665032415,1.0
2025-03-18,BBAS3_SA,-0.09929814035099949,-1.0
2025-03-19,BBAS3_SA,-0.11799926180292397,-1.0
2025-03-20,BBAS3_SA,-0.09734522056859474,-1.0
2025-03-21,BBAS3_SA,-0.11737757003044524,-1.0
2025-03-25,BBAS3_SA,-0.12047760262540241,-1.0
2025-03-26,BBAS3_SA,-0.13085722753071483,-1.0
2025-03-27,BBAS3_SA,-0.1272219718375066,-1.0
2025-03-28,BBAS3_SA,-0.12569828116420445,-1.0
2025-03-31,BBAS3_SA,-0.11174165103385358,-1.0
2025-04-01,BBAS3_SA,-0.11613118130851041,-1.0
2025-04-03,BBAS3_SA,-0.12171158805946014,-1.0
2025-04-04,BBAS3_SA,-0.10507496182088616,-1.0
2025-04-07,BBAS3_SA,-0.11777447995119295,-1.0
2025-04-08,BBAS3_SA,-0.11617799527584116,-1.0
2025-04-09,BBAS3_SA,-0.11999993121316055,-1.0
2025-04-10,BBAS3_SA,-0.11393314662667609,-1.0
2025-04-11,BBAS3_SA,-0.09928051060187248,-1.0
2025-04-14,BBAS3_SA,-0.10794438288786645,-1.0
2025-04-15,BBAS3_SA,-0.0983074441924715,-1.0
2025-04-16,BBAS3_SA,-0.11681725660359854,-1.0
2025-04-17,BBAS3_SA,-0.10973385497284094,-1.0
2025-04-22,BBAS3_SA,-0.09863207619420644,-1.0
2025-04-23,BBAS3_SA,-0.10699001922208673,-1.0
2025-04-24,BBAS3_SA,-0.09602891046042394,-1.0
2025-04-25,BBAS3_SA,-0.10603348440020754,-1.0
2025-04-28,BBAS3_SA,-0.09453262900397819,-1.0
2025-04-29,BBAS3_SA,-0.09929814035099949,-1.0
2025-04-30,BBAS3_SA,-0.11268577732913632,-1.0
2025-05-02,BBAS3_SA,-0.11176473502190154,-1.0
2025-05-05,BBAS3_SA,-0.11847527835978633,-1.0
2025-05-06,BBAS3_SA,-0.11176473502190154,-1.0
2025-05-07,BBAS3_SA,-0.12418965966384266,-1.0
2025-05-08,BBAS3_SA,-0.12716762536818804,-1.0
2025-05-09,BBAS3_SA,-0.13071458414765214,-1.0
2025-05-12,BBAS3_SA,-0.11695902152788029,-1.0
2025-05-13,BBAS3_SA,-0.1345246566861602,-1.0
2025-05-14,BBAS3_SA,-0.13743287081919597,-1.0
2025-05-15,BBAS3_SA,-0.1268707581450107,-1.0
2025-05-16,BBAS3_SA,-0.17942018152489447,-1.0
2025-05-19,BBAS3_SA,-0.14982554519558233,-1.0
2025-05-20,BBAS3_SA,-0.165960951382646,-1.0
2025-05-21,BBAS3_SA,-0.1636818558367541,-1.0
2025-05-22,BBAS3_SA,-0.17618850917690076,-1.0
2025-05-23,BBAS3_SA,-0.17161981269266913,-1.0
2025-05-26,BBAS3_SA,-0.18001434656629445,-1.0
2025-05-27,BBAS3_SA,-0.17667696567177238,-1.0
2025-05-28,BBAS3_SA,-0.151040446557408,-1.0
2025-05-29,BBAS3_SA,-0.13012216978258995,-1.0
2025-05-30,BBAS3_SA,-0.13276977515122057,-1.0
2025-06-02,BBAS3_SA,-0.1271168598451412,-1.0
2025-06-03,BBAS3_SA,-0.1340295126549369,-1.0
2025-06-04,BBAS3_SA,-0.11856832742930123,-1.0
2025-06-05,BBAS3_SA,-0.1749100118345771,-1.0
2025-06-06,BBAS3_SA,-0.13772449544049536,-1.0
2025-06-10,BBAS3_SA,-0.13184770505131316,-1.0
2025-06-11,BBAS3_SA,-0.11635501098783418,-1.0
2025-06-13,BBAS3_SA,-0.15006945805717065,-1.0
2025-06-16,BBAS3_SA,-0.1651500924047956,-1.0
2025-06-17,BBAS3_SA,-0.16210038315439879,-1.0
2025-06-18,BBAS3_SA,-0.15864277383326064,-1.0
2025-06-20,BBAS3_SA,-0.03278687775139122,-1.0
2025-06-23,BBAS3_SA,-0.0009484645093598143,-1.0
2025-06-24,BBAS3_SA,-0.14412315607145254,-1.0
2025-06-25,BBAS3_SA,-0.06585134713383123,-1.0
2025-06-26,BBAS3_SA,-0.15046296735618103,-1.0
2025-06-27,BBAS3_SA,-0.15554524858850394,-1.0
2025-06-30,BBAS3_SA,-0.1693073561818893,-1.0
2025-07-01,BBAS3_SA,-0.1624828334122428,-1.0
2025-07-02,BBAS3_SA,-0.16552976434599032,-1.0
2025-07-03,BBAS3_SA,-0.17712997006291265,-1.0
2025-07-04,BBAS3_SA,-0.18189915978965743,-1.0
2025-07-07,BBAS3_SA,-0.1681776084585367,-1.0
2025-07-08,BBAS3_SA,-0.16590909111075358,-1.0
2025-07-09,BBAS3_SA,-0.14452211164091222,-1.0
2025-07-10,BBAS3_SA,-0.03724654973360941,-1.0
2025-07-11,BBAS3_SA,0.0004730645031711944,1.0
2025-07-14,BBAS3_SA,0.013056098092582458,1.0
2025-07-15,BBAS3_SA,0.023923347105411663,1.0
2025-07-17,BBAS3_SA,0.07135971429007082,1.0
2025-07-18,BBAS3_SA,0.10118462107532311,1.0
2025-07-21,BBAS3_SA,0.10120855914056714,1.0
2025-07-23,BBAS3_SA,0.0821378158052688,1.0
2025-07-24,BBAS3_SA,0.10114615318101516,1.0
2025-07-25,BBAS3_SA,0.06818193874105494,1.0
2025-07-28,BBAS3_SA,0.07873620145778637,1.0
2025-07-30,BBAS3_SA,0.12110552142713638,1.0
2025-07-31,BBAS3_SA,0.11928926691492947,1.0
2025-08-01,BBAS3_SA,0.14822880085938994,1.0
2025-08-04,BBAS3_SA,0.1778844524493317,1.0
2025-08-05,BBAS3_SA,0.14876473899902187,1.0
2025-08-06,BBAS3_SA,0.1438501910130141,1.0
2025-08-07,BBAS3_SA,0.16604958713859408,1.0
2025-08-11,BBAS3_SA,0.15445006111794735,1.0
2025-08-12,BBAS3_SA,0.1460496761490726,1.0
2025-08-13,BBAS3_SA,0.14367195733660143,1.0
2025-08-14,BBAS3_SA,0.06750650362425903,1.0
2025-08-15,BBAS3_SA,-0.0019369699210975977,-1.0
2025-08-18,BBAS3_SA,-0.009017716259859587,-1.0
2025-08-19,BBAS3_SA,0.045454635082423867,1.0
2025-08-20,BBAS3_SA,0.023162108911372714,1.0
2025-08-21,BBAS3_SA,0.03453533094111583,1.0
2025-08-22,BBAS3_SA,0.01951219140588667,1.0
2025-08-25,BBAS3_SA,0.035910374972677905,1.0
2025-08-26,BBAS3_SA,0.007851005511077425,1.0
2025-08-27,BBAS3_SA,0.00290846102225073,1.0
2025-08-28,BBAS3_SA,-0.019002279917483378,-1.0
2025-08-29,BBAS3_SA,-0.04067311962318265,-1.0
2025-09-01,BBAS3_SA,-0.011379908028469443,-1.0
2025-09-02,BBAS3_SA,0.026444677170570863,1.0
2025-09-03,BBAS3_SA,0.04635099709900192,1.0
2025-09-04,BBAS3_SA,0.05925574694650515,1.0
2025-09-05,BBAS3_SA,0.03546093857656585,1.0
2025-09-08,BBAS3_SA,0.05393782740685382,1.0
2025-09-09,BBAS3_SA,0.040654393459787164,1.0
2025-09-10,BBAS3_SA,0.025397069909358194,1.0
2025-09-11,BBAS3_SA,0.02880297913261254,1.0
2025-09-12,BBAS3_SA,0.025997250617237455,1.0
2025-09-15,BBAS3_SA,0.041609433036496446,1.0
2025-09-16,BBAS3_SA,0.06973552493516677,1.0
2025-09-17,BBAS3_SA,0.04252380248084742,1.0
2025-09-18,BBAS3_SA,0.018099364456203304,1.0
2025-09-19,BBAS3_SA,0.03792779614350206,1.0
2025-09-22,BBAS3_SA,0.046025067769738026,1.0
2025-09-23,BBAS3_SA,-0.011296923275871618,-1.0
2025-09-25,BBAS3_SA,0.009637382465564892,1.0
2025-09-26,BBAS3_SA,-0.012211762489280464,-1.0
2025-10-01,BBAS3_SA,0.01048781547298372,1.0
2025-10-02,BBAS3_SA,0.032628602550336394,1.0
2025-10-03,BBAS3_SA,0.03151068735911644,1.0
2025-10-06,BBAS3_SA,0.05712891230470829,1.0
2025-10-07,BBAS3_SA,0.06073832829218451,1.0
2025-10-08,BBAS3_SA,0.0838217729939128,1.0
2025-10-09,BBAS3_SA,0.0038607996956243618,1.0
2025-10-10,BBAS3_SA,0.053572741063364404,1.0
2025-10-13,BBAS3_SA,0.03465315432642502,1.0
2025-10-14,BBAS3_SA,0.04899202111808476,1.0
2025-10-15,BBAS3_SA,0.15501959828534573,1.0
2025-10-16,BBAS3_SA,0.15218455454759616,1.0
2025-10-17,BBAS3_SA,0.05867484491817776,1.0
2025-10-20,BBAS3_SA,0.05078069232360494,1.0
2025-10-21,BBAS3_SA,0.14264834282437322,1.0
2025-10-22,BBAS3_SA,0.04901324848906041,1.0
2025-10-23,BBAS3_SA,0.1365616732546331,1.0
2025-10-24,BBAS3_SA,0.1437619913042354,1.0
2025-10-27,BBAS3_SA,0.048677668556157405,1.0
2025-10-28,BBAS3_SA,0.04797031921134609,1.0
2025-10-29,BBAS3_SA,0.02897132029808369,1.0
2025-10-30,BBAS3_SA,0.01876222372056313,1.0
2025-10-31,BBAS3_SA,-0.004814544268216259,-1.0
2025-11-03,BBAS3_SA,-0.0038217921011581835,-1.0
2025-11-04,BBAS3_SA,-0.0014869932792531682,-1.0
2025-11-05,BBAS3_SA,-0.03517638657659805,-1.0
2025-11-06,BBAS3_SA,-0.04045072044770781,-1.0
2025-11-10,BBAS3_SA,-0.03487428868074527,-1.0
2025-11-11,BBAS3_SA,-0.09194609755202943,-1.0
2025-11-12,BBAS3_SA,-0.05203463975880307,-1.0
2025-11-13,BBAS3_SA,-0.04118244221342615,-1.0
2025-11-14,BBAS3_SA,-0.04265066667872952,-1.0
2025-11-17,BBAS3_SA,-0.04788428881743545,-1.0
2025-11-18,BBAS3_SA,-0.010337271723972918,-1.0
2025-11-19,BBAS3_SA,0.04348296471330215,1.0
2025-11-21,BBAS3_SA,0.07154135562176323,1.0
2025-11-24,BBAS3_SA,0.11759612705744282,1.0
2025-11-25,BBAS3_SA,0.11647388874958753,1.0
2025-11-26,BBAS3_SA,0.11703258347227297,1.0
2025-11-27,BBAS3_SA,0.15226607340353904,1.0
2025-11-28,BBAS3_SA,0.1363690858339759,1.0
2025-12-01,BBAS3_SA,0.14708957617174168,1.0
2025-12-02,BBAS3_SA,0.13262025739077998,1.0
2025-12-03,BBAS3_SA,0.13494186861208757,1.0
2025-12-04,BBAS3_SA,0.12823892766398437,1.0
2025-12-05,BBAS3_SA,0.14744798389709257,1.0
2025-12-08,BBAS3_SA,0.14305556442066836,1.0
2025-12-09,BBAS3_SA,0.14890653216293148,1.0
2025-12-10,BBAS3_SA,0.14305556442066836,1.0
2025-12-12,BBAS3_SA,0.1377879966185238,1.0
2025-12-15,BBAS3_SA,0.15402080559389453,1.0
2025-12-16,BBAS3_SA,0.1372639901969115,1.0
2025-12-17,BBAS3_SA,0.1322505436685657,1.0
2025-12-18,BBAS3_SA,0.1301527186488216,1.0
2025-12-19,BBAS3_SA,0.13246271411009802,1.0
2025-12-22,BBAS3_SA,0.13990625771206888,1.0
2025-12-23,BBAS3_SA,0.12183898399660742,1.0
2025-12-26,BBAS3_SA,0.12997715034161628,1.0
2025-12-29,BBAS3_SA,0.1233885546207969,1.0
2025-12-30,BBAS3_SA,0.12636858565721543,1.0
2026-01-02,BBAS3_SA,0.1199261744738016,1.0
2026-01-05,BBAS3_SA,0.11517367880709606,1.0
2026-01-06,BBAS3_SA,0.11618436258152287,1.0
2026-01-07,BBAS3_SA,0.11889403857771486,1.0
2026-01-08,BBAS3_SA,0.11274065797035782,1.0
2026-01-09,BBAS3_SA,0.11070444520128042,1.0
2026-01-13,BBAS3_SA,0.14528299622817054,1.0
2026-01-14,BBAS3_SA,0.12930231432316774,1.0
2026-01-15,BBAS3_SA,0.1314074545272752,1.0
2026-01-16,BBAS3_SA,0.13617229459399494,1.0
2026-01-19,BBAS3_SA,0.1393713176563236,1.0
2026-01-20,BBAS3_SA,0.12720519661522256,1.0
2026-01-21,BBAS3_SA,0.1339285807166828,1.0
2026-01-22,BBAS3_SA,0.16608737343918323,1.0
2026-01-23,BBAS3_SA,-0.01531233859702652,-1.0
2026-01-26,BBAS3_SA,-0.011454435571605193,-1.0
2026-01-27,BBAS3_SA,-0.05582116940738735,-1.0
2026-01-28,BBAS3_SA,-0.09813350723199554,-1.0
2026-01-29,BBAS3_SA,-0.11197766844784907,-1.0
2026-01-30,BBAS3_SA,-0.07806820596686703,-1.0
2026-02-02,BBAS3_SA,-0.05581031792588742,-1.0
2026-02-03,BBAS3_SA,-0.07958822227978601,-1.0
2026-02-04,BBAS3_SA,-0.056342050002928246,-1.0
2026-02-05,BBAS3_SA,-0.030445005807228642,-1.0
2026-02-06,BBAS3_SA,0.01756621690551463,1.0
2026-02-09,BBAS3_SA,0.006845318567254788,1.0
2026-02-11,BBAS3_SA,0.004425059533479603,1.0
2026-02-12,BBAS3_SA,-0.014325560202049337,-1.0
2026-02-13,BBAS3_SA,-0.030027266624027438,-1.0
2026-02-18,BBAS3_SA,-0.04937651846829727,-1.0
2026-02-19,BBAS3_SA,-0.06778506842287957,-1.0
2026-02-20,BBAS3_SA,-0.09058552816131027,-1.0
2026-02-23,BBAS3_SA,-0.11831951649122496,-1.0
2026-02-24,BBAS3_SA,-0.17188598483331385,-1.0
2026-02-25,BBAS3_SA,-0.1762461342855357,-1.0
2026-02-26,BBAS3_SA,-0.16718733983405298,-1.0
2026-02-27,BBAS3_SA,-0.16666229563491153,-1.0
2026-03-03,BBAS3_SA,-0.13814514813184098,-1.0
2026-03-04,BBAS3_SA,-0.15535854914951508,-1.0
2026-03-05,BBAS3_SA,-0.12319993152511588,-1.0
2026-03-06,BBAS3_SA,-0.10828282630728625,-1.0
2026-03-09,BBAS3_SA,-0.12186234622607439,-1.0
2026-03-10,BBAS3_SA,-0.1328560213174408,-1.0
2026-03-11,BBAS3_SA,-0.14996048740164014,-1.0
2026-03-12,BBAS3_SA,-0.12009897790009916,-1.0
2026-03-13,BBAS3_SA,-0.1258947374210243,-1.0
2026-03-16,BBAS3_SA,-0.13138075724068443,-1.0
2026-03-17,BBAS3_SA,-0.12547528547966458,-1.0
2026-03-18,BBAS3_SA,-0.1277231970032915,-1.0
2026-03-19,BBAS3_SA,-0.13951510944500256,-1.0
2026-03-20,BBAS3_SA,-0.11044262038239927,-1.0
2026-03-23,BBAS3_SA,-0.13105168713969306,-1.0
2026-03-24,BBAS3_SA,-0.11458773107804932,-1.0
2026-03-25,BBAS3_SA,-0.09262369754139355,-1.0
2026-03-26,BBAS3_SA,-0.08456198519487002,-1.0
2026-03-27,BBAS3_SA,-0.07016765919672352,-1.0
2026-03-30,BBAS3_SA,-0.07991068335346829,-1.0
2026-03-31,BBAS3_SA,-0.11739129926425984,-1.0
2026-04-01,BBAS3_SA,-0.15023270230484753,-1.0
2026-04-02,BBAS3_SA,-0.14361197244667845,-1.0
2026-04-07,BBAS3_SA,-0.17637305561911065,-1.0
2026-04-08,BBAS3_SA,-0.18207770745249707,-1.0
2026-04-09,BBAS3_SA,-0.18770224123088097,-1.0
2026-04-14,BBAS3_SA,-0.18203306955162257,-1.0
2026-04-15,BBAS3_SA,-0.17906077882605564,-1.0
2026-04-16,BBAS3_SA,-0.18993549132289467,-1.0
2026-04-17,BBAS3_SA,-0.1939193541873333,-1.0
2026-04-20,BBAS3_SA,-0.18993549132289467,-1.0
2026-04-22,BBAS3_SA,-0.1822815766696394,-1.0
2026-04-23,BBAS3_SA,-0.14266432889430536,-1.0
2026-04-24,BBAS3_SA,-0.11891174639074764,-1.0
2026-04-27,BBAS3_SA,-0.11729084579191296,-1.0
2026-04-29,BBAS3_SA,-0.056466792624244144,-1.0
2026-04-30,BBAS3_SA,-0.08133548419124592,-1.0
2026-05-04,BBAS3_SA,-0.08484440843327634,-1.0
