Date,asset,ret,bin
2020-01-07,BBDC4_SA,-0.08508283867153299,-1.0
2020-01-08,BBDC4_SA,-0.05836119225844372,-1.0
2020-01-09,BBDC4_SA,-0.05560329993645019,-1.0
2020-01-10,BBDC4_SA,-0.04472846781579609,-1.0
2020-01-13,BBDC4_SA,-0.13284035095663083,-1.0
2020-01-15,BBDC4_SA,-0.13488644294030627,-1.0
2020-01-16,BBDC4_SA,-0.12883455091081064,-1.0
2020-01-17,BBDC4_SA,-0.16661139814854187,-1.0
2020-01-20,BBDC4_SA,-0.17431054530211543,-1.0
2020-01-21,BBDC4_SA,-0.20730919670530867,-1.0
2020-01-22,BBDC4_SA,-0.21013062827935047,-1.0
2020-01-23,BBDC4_SA,-0.23044228233731168,-1.0
2020-01-24,BBDC4_SA,-0.2246175842386139,-1.0
2020-01-27,BBDC4_SA,-0.20636480091482112,-1.0
2020-01-29,BBDC4_SA,-0.19582127808816507,-1.0
2020-01-30,BBDC4_SA,-0.20375469968660853,-1.0
2020-01-31,BBDC4_SA,-0.19019765647708697,-1.0
2020-02-03,BBDC4_SA,-0.19533544188552743,-1.0
2020-02-05,BBDC4_SA,-0.149836490765892,-1.0
2020-02-06,BBDC4_SA,-0.20182548786688392,-1.0
2020-02-07,BBDC4_SA,-0.1495849087193296,-1.0
2020-02-10,BBDC4_SA,-0.15856573184371392,-1.0
2020-02-11,BBDC4_SA,-0.14141628337351841,-1.0
2020-02-12,BBDC4_SA,-0.15459783541838046,-1.0
2020-02-13,BBDC4_SA,-0.13808591287608274,-1.0
2020-02-14,BBDC4_SA,-0.1817054908476199,-1.0
2020-02-17,BBDC4_SA,-0.17485683962197884,-1.0
2020-02-18,BBDC4_SA,-0.17161561428859362,-1.0
2020-02-19,BBDC4_SA,-0.1833297936817625,-1.0
2020-02-20,BBDC4_SA,-0.17135695382448968,-1.0
2020-02-21,BBDC4_SA,-0.16484495301053437,-1.0
2020-02-26,BBDC4_SA,-0.1692575427749532,-1.0
2020-02-27,BBDC4_SA,-0.16565388008277349,-1.0
2020-02-28,BBDC4_SA,-0.18095811981892695,-1.0
2020-03-02,BBDC4_SA,-0.19181143423668445,-1.0
2020-03-03,BBDC4_SA,-0.17031811550323783,-1.0
2020-03-04,BBDC4_SA,-0.1793097800600132,-1.0
2020-03-05,BBDC4_SA,-0.1514430489775993,-1.0
2020-03-06,BBDC4_SA,-0.24362157119995598,-1.0
2020-03-09,BBDC4_SA,-0.18493422334630527,-1.0
2020-03-10,BBDC4_SA,-0.20411911613591216,-1.0
2020-03-11,BBDC4_SA,-0.23009278805347966,-1.0
2020-03-12,BBDC4_SA,-0.1290423734514904,-1.0
2020-03-13,BBDC4_SA,-0.30130481702691236,-1.0
2020-03-16,BBDC4_SA,-0.09099425665846872,-1.0
2020-03-17,BBDC4_SA,-0.19476694743344913,-1.0
2020-03-18,BBDC4_SA,-0.040574137365717355,-1.0
2020-03-20,BBDC4_SA,0.01168192782595101,1.0
2020-03-23,BBDC4_SA,0.16269992351382756,1.0
2020-03-24,BBDC4_SA,0.016534242096885476,1.0
2020-03-25,BBDC4_SA,0.012909790583204517,1.0
2020-03-26,BBDC4_SA,-0.050956676525899525,-1.0
2020-03-27,BBDC4_SA,0.03244877867679041,1.0
2020-03-30,BBDC4_SA,-0.02129564244733939,-1.0
2020-03-31,BBDC4_SA,0.005613130856079174,1.0
2020-04-01,BBDC4_SA,0.09886481552114246,1.0
2020-04-03,BBDC4_SA,0.23875302279117694,1.0
2020-04-06,BBDC4_SA,0.14779530734926172,1.0
2020-04-07,BBDC4_SA,0.12644402606716754,1.0
2020-04-08,BBDC4_SA,0.15484756371069808,1.0
2020-04-13,BBDC4_SA,0.0498948790802245,1.0
2020-04-14,BBDC4_SA,0.02668079166774029,1.0
2020-04-15,BBDC4_SA,0.03376900809937533,1.0
2020-04-16,BBDC4_SA,0.10535878910982754,1.0
2020-04-17,BBDC4_SA,0.10141061187564793,1.0
2020-04-20,BBDC4_SA,0.13424154379976483,1.0
2020-04-23,BBDC4_SA,0.11747360399988693,1.0
2020-04-24,BBDC4_SA,0.21037267848391972,1.0
2020-04-27,BBDC4_SA,0.13789008649422496,1.0
2020-04-28,BBDC4_SA,0.07123978235826733,1.0
2020-04-29,BBDC4_SA,0.0044250695542700225,1.0
2020-04-30,BBDC4_SA,0.1202493310420345,1.0
2020-05-04,BBDC4_SA,0.1334073314187303,1.0
2020-05-06,BBDC4_SA,0.18579151185884202,1.0
2020-05-07,BBDC4_SA,0.2472100539486881,1.0
2020-05-08,BBDC4_SA,0.26629787409332284,1.0
2020-05-11,BBDC4_SA,0.23231343659997106,1.0
2020-05-12,BBDC4_SA,0.3153047014460637,1.0
2020-05-14,BBDC4_SA,0.2478389753001451,1.0
2020-05-15,BBDC4_SA,0.28584351559606924,1.0
2020-05-18,BBDC4_SA,0.24217013067437398,1.0
2020-05-19,BBDC4_SA,0.30103995310904774,1.0
2020-05-20,BBDC4_SA,0.2650866233325042,1.0
2020-05-21,BBDC4_SA,0.20448605786670337,1.0
2020-05-25,BBDC4_SA,0.15902100180082535,1.0
2020-05-26,BBDC4_SA,0.19065152161125343,1.0
2020-05-27,BBDC4_SA,0.15362308524148238,1.0
2020-05-28,BBDC4_SA,0.18754190241012547,1.0
2020-06-01,BBDC4_SA,0.19008522437234254,1.0
2020-06-02,BBDC4_SA,0.1747349472537354,1.0
2020-06-03,BBDC4_SA,0.0852720490706349,1.0
2020-06-04,BBDC4_SA,0.0255771562984608,1.0
2020-06-05,BBDC4_SA,-0.003590680078098485,-1.0
2020-06-08,BBDC4_SA,-0.07294073166867832,-1.0
2020-06-09,BBDC4_SA,-0.04757115142738744,-1.0
2020-06-10,BBDC4_SA,0.005874250163163008,1.0
2020-06-12,BBDC4_SA,0.011479646599916293,1.0
2020-06-15,BBDC4_SA,0.04343388189376074,1.0
2020-06-16,BBDC4_SA,-0.006431780859622704,-1.0
2020-06-17,BBDC4_SA,-0.030921492136520845,-1.0
2020-06-22,BBDC4_SA,-0.04327375389984134,-1.0
2020-06-24,BBDC4_SA,-0.003051025336594182,-1.0
2020-06-25,BBDC4_SA,-0.028744431292163974,-1.0
2020-06-26,BBDC4_SA,0.0022383074672738257,1.0
2020-06-29,BBDC4_SA,-0.00947587699084873,-1.0
2020-06-30,BBDC4_SA,0.0244985662718864,1.0
2020-07-01,BBDC4_SA,-0.018603662032236068,-1.0
2020-07-03,BBDC4_SA,0.006480575210365824,1.0
2020-07-06,BBDC4_SA,-0.08354301089600435,-1.0
2020-07-07,BBDC4_SA,-0.024500441558039543,-1.0
2020-07-08,BBDC4_SA,-0.0575929444016382,-1.0
2020-07-09,BBDC4_SA,0.001753914838622972,1.0
2020-07-10,BBDC4_SA,-0.01174133346404127,-1.0
2020-07-13,BBDC4_SA,-0.013755962744969819,-1.0
2020-07-14,BBDC4_SA,-0.03279018213984197,-1.0
2020-07-15,BBDC4_SA,-0.07988729332212718,-1.0
2020-07-16,BBDC4_SA,-0.08090197321363546,-1.0
2020-07-20,BBDC4_SA,-0.09301857916509226,-1.0
2020-07-21,BBDC4_SA,-0.11511031809302497,-1.0
2020-07-22,BBDC4_SA,-0.09741295366957181,-1.0
2020-07-23,BBDC4_SA,-0.10599028666902222,-1.0
2020-07-24,BBDC4_SA,-0.12479320563360574,-1.0
2020-07-27,BBDC4_SA,-0.1581546835204347,-1.0
2020-07-28,BBDC4_SA,-0.17244586279820417,-1.0
2020-07-29,BBDC4_SA,-0.18241043192592965,-1.0
2020-07-30,BBDC4_SA,-0.15358059007904767,-1.0
2020-07-31,BBDC4_SA,-0.11967101410335879,-1.0
2020-08-03,BBDC4_SA,-0.13136228419001728,-1.0
2020-08-04,BBDC4_SA,-0.10555096963729838,-1.0
2020-08-06,BBDC4_SA,-0.10437972595153144,-1.0
2020-08-07,BBDC4_SA,-0.08620505752005414,-1.0
2020-08-10,BBDC4_SA,-0.09726872746946147,-1.0
2020-08-11,BBDC4_SA,-0.09946066171713652,-1.0
2020-08-12,BBDC4_SA,-0.04440350522296499,-1.0
2020-08-13,BBDC4_SA,-0.0198661618597471,-1.0
2020-08-17,BBDC4_SA,0.014996958042484243,1.0
2020-08-18,BBDC4_SA,-0.002456541139025825,-1.0
2020-08-20,BBDC4_SA,-0.002483987815921962,-1.0
2020-08-24,BBDC4_SA,0.027901213519375245,1.0
2020-08-26,BBDC4_SA,0.09321565743479554,1.0
2020-08-27,BBDC4_SA,0.09044116342808683,1.0
2020-08-28,BBDC4_SA,0.038736826364463184,1.0
2020-08-31,BBDC4_SA,0.014431899507578727,1.0
2020-09-01,BBDC4_SA,-0.015646701720956835,-1.0
2020-09-03,BBDC4_SA,-0.04918853980602644,-1.0
2020-09-08,BBDC4_SA,-0.026845512322210774,-1.0
2020-09-10,BBDC4_SA,0.10231488668258115,1.0
2020-09-11,BBDC4_SA,0.1957982321958449,1.0
2020-09-14,BBDC4_SA,0.17709469939797184,1.0
2020-09-15,BBDC4_SA,0.1427756115672152,1.0
2020-09-17,BBDC4_SA,0.2303178874284333,1.0
2020-09-18,BBDC4_SA,0.2184280286714526,1.0
2020-09-21,BBDC4_SA,0.2369084205749512,1.0
2020-09-22,BBDC4_SA,0.22944931343422525,1.0
2020-09-23,BBDC4_SA,0.1828752050805562,1.0
2020-09-24,BBDC4_SA,0.23565899245276456,1.0
2020-09-28,BBDC4_SA,0.2406713756878165,1.0
2020-09-29,BBDC4_SA,0.18140926909681343,1.0
2020-09-30,BBDC4_SA,0.18095337508393494,1.0
2020-10-01,BBDC4_SA,0.17550327680099653,1.0
2020-10-02,BBDC4_SA,0.16908860096465128,1.0
2020-10-05,BBDC4_SA,0.22702047379748103,1.0
2020-10-06,BBDC4_SA,0.23134679238256473,1.0
2020-10-07,BBDC4_SA,0.16598802274894808,1.0
2020-10-08,BBDC4_SA,0.18364310344671386,1.0
2020-10-09,BBDC4_SA,0.17850694035236025,1.0
2020-10-13,BBDC4_SA,0.21203297019155154,1.0
2020-10-15,BBDC4_SA,0.17850694035236025,1.0
2020-10-16,BBDC4_SA,0.20227425665857868,1.0
2020-10-19,BBDC4_SA,0.18594067572310835,1.0
2020-10-20,BBDC4_SA,0.17595389328236943,1.0
2020-10-21,BBDC4_SA,0.18247633170663247,1.0
2020-10-22,BBDC4_SA,0.19210593024737443,1.0
2020-10-23,BBDC4_SA,0.19737589022064017,1.0
2020-10-26,BBDC4_SA,0.18842185919992227,1.0
2020-10-27,BBDC4_SA,0.2054921124421052,1.0
2020-10-28,BBDC4_SA,0.21062523889097728,1.0
2020-10-29,BBDC4_SA,0.2228543639405085,1.0
2020-10-30,BBDC4_SA,0.2541171223641445,1.0
2020-11-03,BBDC4_SA,0.22797616823596423,1.0
2020-11-04,BBDC4_SA,0.2214701323537558,1.0
2020-11-05,BBDC4_SA,0.21809540518288784,1.0
2020-11-09,BBDC4_SA,0.20132585156457017,1.0
2020-11-10,BBDC4_SA,0.12768661692637018,1.0
2020-11-12,BBDC4_SA,0.19669834816288478,1.0
2020-11-13,BBDC4_SA,0.12370033166609251,1.0
2020-11-16,BBDC4_SA,0.07972296539805601,1.0
2020-11-17,BBDC4_SA,0.056562612986196914,1.0
2020-11-18,BBDC4_SA,0.0673267239255606,1.0
2020-11-23,BBDC4_SA,0.03854920477040569,1.0
2020-11-24,BBDC4_SA,-0.029954742888545494,-1.0
2020-11-25,BBDC4_SA,-0.0031858393023512788,-1.0
2020-11-26,BBDC4_SA,0.04477803191888574,1.0
2020-11-27,BBDC4_SA,0.020666453093064252,1.0
2020-11-30,BBDC4_SA,0.05628183387751151,1.0
2020-12-01,BBDC4_SA,-0.003707270655924244,-1.0
2020-12-02,BBDC4_SA,-0.009724056173448181,-1.0
2020-12-03,BBDC4_SA,0.03364080112945245,1.0
2020-12-04,BBDC4_SA,0.01931115217935897,1.0
2020-12-07,BBDC4_SA,-0.008889744168682046,-1.0
2020-12-08,BBDC4_SA,0.008233176878994053,1.0
2020-12-10,BBDC4_SA,-0.04378039045958493,-1.0
2020-12-11,BBDC4_SA,-0.03622511843829712,-1.0
2020-12-14,BBDC4_SA,-0.031890849173876856,-1.0
2020-12-16,BBDC4_SA,-0.0706129581624153,-1.0
2020-12-17,BBDC4_SA,-0.1357237487216324,-1.0
2020-12-21,BBDC4_SA,-0.08024910160590137,-1.0
2020-12-22,BBDC4_SA,-0.11809905330516057,-1.0
2020-12-23,BBDC4_SA,-0.15580890492900812,-1.0
2020-12-28,BBDC4_SA,-0.191578024172253,-1.0
2020-12-30,BBDC4_SA,-0.14909537236149506,-1.0
2021-01-04,BBDC4_SA,-0.09245637028577725,-1.0
2021-01-05,BBDC4_SA,-0.043734453210591995,-1.0
2021-01-06,BBDC4_SA,-0.10730970315205024,-1.0
2021-01-07,BBDC4_SA,-0.1231949379900904,-1.0
2021-01-08,BBDC4_SA,-0.10067884149634054,-1.0
2021-01-11,BBDC4_SA,-0.0685234062753095,-1.0
2021-01-13,BBDC4_SA,-0.04674731580140845,-1.0
2021-01-14,BBDC4_SA,-0.09048225274259658,-1.0
2021-01-15,BBDC4_SA,-0.02564251806576545,-1.0
2021-01-18,BBDC4_SA,-0.010976532151330876,-1.0
2021-01-19,BBDC4_SA,0.015385199909067504,1.0
2021-01-20,BBDC4_SA,0.031560385487122034,1.0
2021-01-21,BBDC4_SA,0.035130312805188524,1.0
2021-01-22,BBDC4_SA,0.04375996585665343,1.0
2021-01-26,BBDC4_SA,0.09323490268053058,1.0
2021-01-27,BBDC4_SA,0.08506942346235857,1.0
2021-01-28,BBDC4_SA,0.05666257342349068,1.0
2021-01-29,BBDC4_SA,0.10863869746381893,1.0
2021-02-01,BBDC4_SA,0.062821359003852,1.0
2021-02-02,BBDC4_SA,0.02803017109004924,1.0
2021-02-03,BBDC4_SA,0.03263234923341907,1.0
2021-02-04,BBDC4_SA,-0.013343194821639703,-1.0
2021-02-05,BBDC4_SA,-0.01885412069258874,-1.0
2021-02-08,BBDC4_SA,-0.0007090978280547278,-1.0
2021-02-09,BBDC4_SA,-0.007388661223841075,-1.0
2021-02-10,BBDC4_SA,0.022373009007607525,1.0
2021-02-18,BBDC4_SA,0.04943937803233456,1.0
2021-02-19,BBDC4_SA,0.053576390315416944,1.0
2021-02-22,BBDC4_SA,0.11034216638291339,1.0
2021-02-23,BBDC4_SA,0.052540385296480974,1.0
2021-02-24,BBDC4_SA,0.07972432029813281,1.0
2021-02-25,BBDC4_SA,0.10456441765741387,1.0
2021-02-26,BBDC4_SA,0.11803642260285763,1.0
2021-03-01,BBDC4_SA,0.20336503204041967,1.0
2021-03-02,BBDC4_SA,0.1989485703428584,1.0
2021-03-03,BBDC4_SA,0.1405002232660948,1.0
2021-03-04,BBDC4_SA,0.13073558877175961,1.0
2021-03-05,BBDC4_SA,0.04710548520958713,1.0
2021-03-08,BBDC4_SA,0.08751947534593674,1.0
2021-03-09,BBDC4_SA,0.08401650136288907,1.0
2021-03-10,BBDC4_SA,0.07051534315766173,1.0
2021-03-11,BBDC4_SA,0.07760766586022294,1.0
2021-03-12,BBDC4_SA,0.08316739400922835,1.0
2021-03-15,BBDC4_SA,0.046512542036245774,1.0
2021-03-16,BBDC4_SA,0.08885608765326669,1.0
2021-03-17,BBDC4_SA,0.05503393005738988,1.0
2021-03-18,BBDC4_SA,0.040480602734772386,1.0
2021-03-19,BBDC4_SA,0.04645444447022151,1.0
2021-03-22,BBDC4_SA,0.059001958818113875,1.0
2021-03-23,BBDC4_SA,0.08072447316945519,1.0
2021-03-24,BBDC4_SA,0.09700736286179978,1.0
2021-03-25,BBDC4_SA,0.07020888342316778,1.0
2021-03-26,BBDC4_SA,0.057676712108509776,1.0
2021-03-29,BBDC4_SA,0.07750703483806487,1.0
2021-03-30,BBDC4_SA,0.06622728471241146,1.0
2021-03-31,BBDC4_SA,0.09219570277571476,1.0
2021-04-01,BBDC4_SA,0.13113553625158603,1.0
2021-04-05,BBDC4_SA,0.1461377845150813,1.0
2021-04-06,BBDC4_SA,0.21006372889546654,1.0
2021-04-07,BBDC4_SA,0.2234449852085123,1.0
2021-04-08,BBDC4_SA,0.22732293976049966,1.0
2021-04-12,BBDC4_SA,0.20676336035146914,1.0
2021-04-13,BBDC4_SA,0.21480883373242765,1.0
2021-04-14,BBDC4_SA,0.20068332205507922,1.0
2021-04-16,BBDC4_SA,0.18688184886399073,1.0
2021-04-19,BBDC4_SA,0.192272511133724,1.0
2021-04-20,BBDC4_SA,0.210725496947769,1.0
2021-04-22,BBDC4_SA,0.17320098773904058,1.0
2021-04-23,BBDC4_SA,0.1968325331571168,1.0
2021-04-27,BBDC4_SA,0.16113727095782782,1.0
2021-04-28,BBDC4_SA,0.10940093621735847,1.0
2021-04-29,BBDC4_SA,0.18474890305370684,1.0
2021-04-30,BBDC4_SA,0.18077474190693965,1.0
2021-05-03,BBDC4_SA,0.064271327074511,1.0
2021-05-04,BBDC4_SA,0.18234146999821466,1.0
2021-05-06,BBDC4_SA,0.17444554239454457,1.0
2021-05-07,BBDC4_SA,0.1695646002804485,1.0
2021-05-10,BBDC4_SA,0.025139468319593794,1.0
2021-05-12,BBDC4_SA,0.16762325614436446,1.0
2021-05-13,BBDC4_SA,0.045458094560183016,1.0
2021-05-14,BBDC4_SA,0.034975604306330954,1.0
2021-05-17,BBDC4_SA,0.03492088326789089,1.0
2021-05-18,BBDC4_SA,0.003323761497764144,1.0
2021-05-19,BBDC4_SA,-0.003346301539383978,-1.0
2021-05-20,BBDC4_SA,-0.04867010779073866,-1.0
2021-05-21,BBDC4_SA,-0.03848059644927426,-1.0
2021-05-24,BBDC4_SA,-0.03548243930370443,-1.0
2021-05-25,BBDC4_SA,-0.03816073458037428,-1.0
2021-05-26,BBDC4_SA,-0.06943519932365394,-1.0
2021-05-27,BBDC4_SA,-0.06733436413080895,-1.0
2021-05-28,BBDC4_SA,-0.06212099780526659,-1.0
2021-05-31,BBDC4_SA,-0.037983675076538104,-1.0
2021-06-01,BBDC4_SA,-0.06836195811338275,-1.0
2021-06-02,BBDC4_SA,-0.11871006389776362,-1.0
2021-06-07,BBDC4_SA,-0.11823826513570379,-1.0
2021-06-08,BBDC4_SA,-0.1471232775746607,-1.0
2021-06-09,BBDC4_SA,-0.14287378449700827,-1.0
2021-06-11,BBDC4_SA,-0.1410398469984363,-1.0
2021-06-14,BBDC4_SA,-0.13734823359941173,-1.0
2021-06-16,BBDC4_SA,-0.14226346596242223,-1.0
2021-06-17,BBDC4_SA,-0.1385822920679164,-1.0
2021-06-18,BBDC4_SA,-0.1403154018457815,-1.0
2021-06-21,BBDC4_SA,-0.12955408440075522,-1.0
2021-06-22,BBDC4_SA,-0.12940047507525754,-1.0
2021-06-23,BBDC4_SA,-0.1319671715711015,-1.0
2021-06-24,BBDC4_SA,-0.12895385357279665,-1.0
2021-06-25,BBDC4_SA,-0.11717485921710935,-1.0
2021-06-28,BBDC4_SA,-0.0894364069101532,-1.0
2021-06-29,BBDC4_SA,-0.08228747821847571,-1.0
2021-06-30,BBDC4_SA,-0.08697782160112844,-1.0
2021-07-01,BBDC4_SA,-0.06340562735375466,-1.0
2021-07-02,BBDC4_SA,-0.09516797765344165,-1.0
2021-07-05,BBDC4_SA,-0.07364997205906076,-1.0
2021-07-06,BBDC4_SA,-0.06364420428833972,-1.0
2021-07-07,BBDC4_SA,-0.10306862051589283,-1.0
2021-07-08,BBDC4_SA,-0.09697091546722636,-1.0
2021-07-12,BBDC4_SA,-0.11004152900483632,-1.0
2021-07-14,BBDC4_SA,-0.1642767754078306,-1.0
2021-07-15,BBDC4_SA,-0.1515333975307973,-1.0
2021-07-19,BBDC4_SA,-0.11437000478522164,-1.0
2021-07-20,BBDC4_SA,-0.1327402653566746,-1.0
2021-07-22,BBDC4_SA,-0.12628989981000827,-1.0
2021-07-23,BBDC4_SA,-0.13138901136336523,-1.0
2021-07-26,BBDC4_SA,-0.12448077286703219,-1.0
2021-07-27,BBDC4_SA,-0.13131535929826088,-1.0
2021-07-28,BBDC4_SA,-0.1511924740418119,-1.0
2021-07-29,BBDC4_SA,-0.1429351343262698,-1.0
2021-07-30,BBDC4_SA,-0.1280910866151268,-1.0
2021-08-02,BBDC4_SA,-0.1334512034214479,-1.0
2021-08-03,BBDC4_SA,-0.13836273316293302,-1.0
2021-08-04,BBDC4_SA,-0.1491945046392572,-1.0
2021-08-05,BBDC4_SA,-0.1687142051588878,-1.0
2021-08-06,BBDC4_SA,-0.15493641739220265,-1.0
2021-08-10,BBDC4_SA,-0.1422746854485777,-1.0
2021-08-11,BBDC4_SA,-0.14556687180991212,-1.0
2021-08-12,BBDC4_SA,-0.13337120093082888,-1.0
2021-08-13,BBDC4_SA,-0.13747474138431048,-1.0
2021-08-16,BBDC4_SA,-0.13036200516024077,-1.0
2021-08-17,BBDC4_SA,-0.12695159678429402,-1.0
2021-08-18,BBDC4_SA,-0.15413023722339236,-1.0
2021-08-19,BBDC4_SA,-0.15227131973751828,-1.0
2021-08-20,BBDC4_SA,-0.14739927537023145,-1.0
2021-08-23,BBDC4_SA,-0.12043628988808952,-1.0
2021-08-24,BBDC4_SA,-0.1430091055138225,-1.0
2021-08-26,BBDC4_SA,-0.1277116376266505,-1.0
2021-08-27,BBDC4_SA,-0.13895697621264358,-1.0
2021-08-30,BBDC4_SA,-0.12960668977547618,-1.0
2021-08-31,BBDC4_SA,-0.13449407990243767,-1.0
2021-09-02,BBDC4_SA,-0.1350986840228816,-1.0
2021-09-03,BBDC4_SA,-0.13080763674977502,-1.0
2021-09-06,BBDC4_SA,-0.1397322649988938,-1.0
2021-09-08,BBDC4_SA,-0.05133912804360741,-1.0
2021-09-09,BBDC4_SA,-0.07710402055473331,-1.0
2021-09-10,BBDC4_SA,-0.07617020174428324,-1.0
2021-09-13,BBDC4_SA,-0.04412931894206362,-1.0
2021-09-14,BBDC4_SA,-0.033106857184703076,-1.0
2021-09-15,BBDC4_SA,-0.014852321066312069,-1.0
2021-09-16,BBDC4_SA,-0.003493014540139061,-1.0
2021-09-17,BBDC4_SA,0.038341990330589715,1.0
2021-09-20,BBDC4_SA,0.0683576166487605,1.0
2021-09-21,BBDC4_SA,0.05203146497835065,1.0
2021-09-22,BBDC4_SA,0.018981102249476356,1.0
2021-09-23,BBDC4_SA,-0.005440172615677086,-1.0
2021-09-24,BBDC4_SA,0.04334865609223937,1.0
2021-09-27,BBDC4_SA,0.021013803778401563,1.0
2021-09-28,BBDC4_SA,0.001323107838605564,1.0
2021-09-29,BBDC4_SA,-0.023714567477391868,-1.0
2021-10-01,BBDC4_SA,-0.06951105950109815,-1.0
2021-10-04,BBDC4_SA,0.006230952293445613,1.0
2021-10-05,BBDC4_SA,-0.013328129551747447,-1.0
2021-10-06,BBDC4_SA,-5.561290636446614e-06,-1.0
2021-10-07,BBDC4_SA,0.013490885029463717,1.0
2021-10-08,BBDC4_SA,0.00043984081034387223,1.0
2021-10-11,BBDC4_SA,-0.006929194243858072,-1.0
2021-10-13,BBDC4_SA,-0.007936974721524548,-1.0
2021-10-14,BBDC4_SA,-0.01694815868939814,-1.0
2021-10-15,BBDC4_SA,-0.05179137242037102,-1.0
2021-10-18,BBDC4_SA,-0.06799633222361157,-1.0
2021-10-19,BBDC4_SA,-0.026293913154613713,-1.0
2021-10-20,BBDC4_SA,-0.08491764034903349,-1.0
2021-10-21,BBDC4_SA,-0.08487020746141805,-1.0
2021-10-22,BBDC4_SA,-0.05314318419541908,-1.0
2021-10-25,BBDC4_SA,-0.06288500008036946,-1.0
2021-10-26,BBDC4_SA,-0.03817818241331583,-1.0
2021-10-27,BBDC4_SA,-0.039955799127473046,-1.0
2021-10-28,BBDC4_SA,-0.04014108028237673,-1.0
2021-10-29,BBDC4_SA,-0.016270605087634893,-1.0
2021-11-01,BBDC4_SA,-0.05367012292928297,-1.0
2021-11-03,BBDC4_SA,-0.021892194174948365,-1.0
2021-11-04,BBDC4_SA,0.054290215990801194,1.0
2021-11-05,BBDC4_SA,-0.0023903668628676433,-1.0
2021-11-08,BBDC4_SA,0.03564913301591277,1.0
2021-11-09,BBDC4_SA,0.06268246151725942,1.0
2021-11-10,BBDC4_SA,0.009876998015368788,1.0
2021-11-11,BBDC4_SA,0.006434051422879339,1.0
2021-11-12,BBDC4_SA,-0.010648756725300745,-1.0
2021-11-17,BBDC4_SA,0.0202205163590774,1.0
2021-11-18,BBDC4_SA,0.03607348531209009,1.0
2021-11-22,BBDC4_SA,0.060598285406304075,1.0
2021-11-23,BBDC4_SA,0.0395037032144534,1.0
2021-11-24,BBDC4_SA,0.0028172098129171097,1.0
2021-11-25,BBDC4_SA,0.01578533799022952,1.0
2021-11-26,BBDC4_SA,0.10029097939319187,1.0
2021-11-29,BBDC4_SA,0.10943502396428273,1.0
2021-11-30,BBDC4_SA,0.13509877023706807,1.0
2021-12-01,BBDC4_SA,0.15604731407534667,1.0
2021-12-02,BBDC4_SA,0.10975733457707815,1.0
2021-12-06,BBDC4_SA,0.07402668183053662,1.0
2021-12-07,BBDC4_SA,0.10281920984912407,1.0
2021-12-08,BBDC4_SA,0.11701148186951604,1.0
2021-12-09,BBDC4_SA,0.142190536227927,1.0
2021-12-10,BBDC4_SA,0.1401878700054373,1.0
2021-12-13,BBDC4_SA,0.06176714079476309,1.0
2021-12-14,BBDC4_SA,0.061059068847407305,1.0
2021-12-16,BBDC4_SA,0.05302326139449254,1.0
2021-12-17,BBDC4_SA,0.17336907907015475,1.0
2021-12-20,BBDC4_SA,0.17993220142344057,1.0
2021-12-21,BBDC4_SA,0.16822860206959356,1.0
2021-12-22,BBDC4_SA,0.1794475441706238,1.0
2021-12-23,BBDC4_SA,0.17576930939689261,1.0
2021-12-27,BBDC4_SA,0.1624771482684748,1.0
2021-12-28,BBDC4_SA,0.16667353595403767,1.0
2021-12-29,BBDC4_SA,0.1721142988682811,1.0
2021-12-30,BBDC4_SA,0.15415774574201535,1.0
2022-01-03,BBDC4_SA,0.15906482848234482,1.0
2022-01-04,BBDC4_SA,0.1590419254389226,1.0
2022-01-05,BBDC4_SA,0.15971472333142933,1.0
2022-01-06,BBDC4_SA,-0.024862457283992945,-1.0
2022-01-07,BBDC4_SA,-0.02646167586636039,-1.0
2022-01-10,BBDC4_SA,0.03236001707317682,1.0
2022-01-12,BBDC4_SA,0.02757759926942671,1.0
2022-01-13,BBDC4_SA,0.016883308509936246,1.0
2022-01-14,BBDC4_SA,-0.0015958820084197578,-1.0
2022-01-17,BBDC4_SA,0.0070139663385875295,1.0
2022-01-18,BBDC4_SA,-0.007142808047717941,-1.0
2022-01-19,BBDC4_SA,0.0031886777952880863,1.0
2022-01-21,BBDC4_SA,0.05170822814858811,1.0
2022-01-24,BBDC4_SA,0.023398638501771707,1.0
2022-01-25,BBDC4_SA,-0.0014015637346449505,-1.0
2022-01-27,BBDC4_SA,-0.00318187045968088,-1.0
2022-01-28,BBDC4_SA,0.00043403344740888805,1.0
2022-01-31,BBDC4_SA,-0.01449291724423507,-1.0
2022-02-01,BBDC4_SA,-0.15016424914919813,-1.0
2022-02-02,BBDC4_SA,-0.02002194311450478,-1.0
2022-02-03,BBDC4_SA,-0.14714215812317322,-1.0
2022-02-04,BBDC4_SA,-0.15272076656195577,-1.0
2022-02-07,BBDC4_SA,-0.14975422599837873,-1.0
2022-02-08,BBDC4_SA,-0.14488916171093014,-1.0
2022-02-09,BBDC4_SA,0.03604316003184582,1.0
2022-02-10,BBDC4_SA,0.019865742893323324,1.0
2022-02-11,BBDC4_SA,0.0074844610156341584,1.0
2022-02-16,BBDC4_SA,0.01908665249823338,1.0
2022-02-17,BBDC4_SA,0.017730520041355335,1.0
2022-02-18,BBDC4_SA,0.008379652658756953,1.0
2022-02-21,BBDC4_SA,0.00569930308042621,1.0
2022-02-22,BBDC4_SA,0.0032304354923755607,1.0
2022-02-23,BBDC4_SA,-0.03524102552396846,-1.0
2022-02-24,BBDC4_SA,0.0007594046376711017,1.0
2022-02-25,BBDC4_SA,-0.013364334270302036,-1.0
2022-03-02,BBDC4_SA,-0.01620826345105497,-1.0
2022-03-03,BBDC4_SA,-0.03539336559311412,-1.0
2022-03-04,BBDC4_SA,-0.00024064235037180026,-1.0
2022-03-07,BBDC4_SA,0.16280269232532607,1.0
2022-03-08,BBDC4_SA,-0.006079301399814274,-1.0
2022-03-09,BBDC4_SA,-0.04644999463236499,-1.0
2022-03-10,BBDC4_SA,-0.0261738584440131,-1.0
2022-03-11,BBDC4_SA,-0.012356494004200469,-1.0
2022-03-14,BBDC4_SA,-0.0025474459812223627,-1.0
2022-03-16,BBDC4_SA,0.003394008312809005,1.0
2022-03-17,BBDC4_SA,0.016255480552815227,1.0
2022-03-21,BBDC4_SA,-0.0033586988037198617,-1.0
2022-03-22,BBDC4_SA,-0.02319478508605244,-1.0
2022-03-23,BBDC4_SA,-0.0037419933324749355,-1.0
2022-03-24,BBDC4_SA,-0.0022075021805453288,-1.0
2022-03-25,BBDC4_SA,0.009612007039952353,1.0
2022-03-28,BBDC4_SA,0.003187312407757048,1.0
2022-03-29,BBDC4_SA,-0.009220286688987667,-1.0
2022-03-30,BBDC4_SA,0.011213625068678734,1.0
2022-03-31,BBDC4_SA,0.010849777498089574,1.0
2022-04-01,BBDC4_SA,0.027904488134593786,1.0
2022-04-04,BBDC4_SA,0.013552854361200017,1.0
2022-04-05,BBDC4_SA,0.038434169576707644,1.0
2022-04-06,BBDC4_SA,0.03758114756684172,1.0
2022-04-07,BBDC4_SA,0.03422218191617121,1.0
2022-04-08,BBDC4_SA,0.013943708317923242,1.0
2022-04-12,BBDC4_SA,0.005772347095944541,1.0
2022-04-13,BBDC4_SA,-0.019409921268679353,-1.0
2022-04-18,BBDC4_SA,-0.0579993185908384,-1.0
2022-04-19,BBDC4_SA,-0.03895937723319831,-1.0
2022-04-20,BBDC4_SA,-0.050410878981594465,-1.0
2022-04-22,BBDC4_SA,-0.011032211753152499,-1.0
2022-04-25,BBDC4_SA,-0.0118902780632274,-1.0
2022-04-26,BBDC4_SA,0.028002942203531944,1.0
2022-04-27,BBDC4_SA,-0.00512386620298988,-1.0
2022-04-28,BBDC4_SA,-0.00417685477928309,-1.0
2022-04-29,BBDC4_SA,0.023193760082091286,1.0
2022-05-03,BBDC4_SA,-0.014881939504775565,-1.0
2022-05-04,BBDC4_SA,-0.05092675965043758,-1.0
2022-05-05,BBDC4_SA,0.15115695695325337,1.0
2022-05-06,BBDC4_SA,-0.041728894923673376,-1.0
2022-05-09,BBDC4_SA,-0.053609123552395666,-1.0
2022-05-10,BBDC4_SA,-0.07043374964291316,-1.0
2022-05-11,BBDC4_SA,-0.06741694839344348,-1.0
2022-05-12,BBDC4_SA,-0.07277743408031878,-1.0
2022-05-13,BBDC4_SA,-0.1018441943017877,-1.0
2022-05-16,BBDC4_SA,-0.11293105593752784,-1.0
2022-05-17,BBDC4_SA,-0.15054860856334717,-1.0
2022-05-18,BBDC4_SA,-0.15415122027529993,-1.0
2022-05-19,BBDC4_SA,-0.14761436895876234,-1.0
2022-05-20,BBDC4_SA,-0.1588811369946831,-1.0
2022-05-23,BBDC4_SA,-0.1530984309817599,-1.0
2022-05-24,BBDC4_SA,-0.14764790802787076,-1.0
2022-05-25,BBDC4_SA,-0.14551745601645727,-1.0
2022-05-26,BBDC4_SA,-0.14260656256422988,-1.0
2022-05-27,BBDC4_SA,-0.15468845167089562,-1.0
2022-05-30,BBDC4_SA,-0.14639301365136848,-1.0
2022-05-31,BBDC4_SA,-0.15138967797036862,-1.0
2022-06-01,BBDC4_SA,-0.13579166095468553,-1.0
2022-06-02,BBDC4_SA,-0.1348799659304668,-1.0
2022-06-03,BBDC4_SA,-0.1347462908098167,-1.0
2022-06-07,BBDC4_SA,-0.14404828621691046,-1.0
2022-06-08,BBDC4_SA,-0.14841783461013358,-1.0
2022-06-10,BBDC4_SA,-0.13504911189811097,-1.0
2022-06-13,BBDC4_SA,0.012684745193189961,1.0
2022-06-14,BBDC4_SA,0.03930605933291398,1.0
2022-06-15,BBDC4_SA,0.04073967843476045,1.0
2022-06-17,BBDC4_SA,0.0702231498621535,1.0
2022-06-20,BBDC4_SA,-0.1286657618777136,-1.0
2022-06-21,BBDC4_SA,0.05971865711273616,1.0
2022-06-22,BBDC4_SA,0.0659061926060569,1.0
2022-06-23,BBDC4_SA,0.10146550928862164,1.0
2022-06-24,BBDC4_SA,0.09670447228387502,1.0
2022-06-27,BBDC4_SA,0.06672245865486826,1.0
2022-06-28,BBDC4_SA,0.09004286810319506,1.0
2022-06-29,BBDC4_SA,0.13087962388462282,1.0
2022-06-30,BBDC4_SA,0.13795144684159744,1.0
2022-07-01,BBDC4_SA,0.13982384693100602,1.0
2022-07-04,BBDC4_SA,0.14135043399451308,1.0
2022-07-06,BBDC4_SA,0.1339441078173078,1.0
2022-07-07,BBDC4_SA,0.13530084544362375,1.0
2022-07-11,BBDC4_SA,0.1332788995987706,1.0
2022-07-12,BBDC4_SA,0.1286422320161955,1.0
2022-07-13,BBDC4_SA,0.12742659742884532,1.0
2022-07-14,BBDC4_SA,0.13342731114234163,1.0
2022-07-15,BBDC4_SA,0.13018722308611252,1.0
2022-07-18,BBDC4_SA,0.1321665849917304,1.0
2022-07-19,BBDC4_SA,0.14319384901981969,1.0
2022-07-20,BBDC4_SA,0.14737876374346826,1.0
2022-07-21,BBDC4_SA,0.14253180173671454,1.0
2022-07-22,BBDC4_SA,0.14670589395949896,1.0
2022-07-25,BBDC4_SA,0.1418706067853428,1.0
2022-07-26,BBDC4_SA,0.1393550429585484,1.0
2022-07-27,BBDC4_SA,0.14319384901981969,1.0
2022-07-28,BBDC4_SA,0.1346481606369463,1.0
2022-08-02,BBDC4_SA,0.14204978435174542,1.0
2022-08-03,BBDC4_SA,0.14319543505141508,1.0
2022-08-04,BBDC4_SA,0.08641770030228169,1.0
2022-08-05,BBDC4_SA,0.147625642424015,1.0
2022-08-08,BBDC4_SA,0.14391539177800183,1.0
2022-08-09,BBDC4_SA,0.1391638455197335,1.0
2022-08-10,BBDC4_SA,0.09825518114204157,1.0
2022-08-11,BBDC4_SA,0.06317652467137447,1.0
2022-08-12,BBDC4_SA,0.034208345434989296,1.0
2022-08-15,BBDC4_SA,0.03695302736453265,1.0
2022-08-16,BBDC4_SA,0.00748102070427259,1.0
2022-08-18,BBDC4_SA,0.0003764343338998888,1.0
2022-08-19,BBDC4_SA,0.02079294920645447,1.0
2022-08-22,BBDC4_SA,0.039706843989044005,1.0
2022-08-23,BBDC4_SA,0.044062530665317956,1.0
2022-08-24,BBDC4_SA,0.07223392385035421,1.0
2022-08-25,BBDC4_SA,0.019349660589820683,1.0
2022-08-26,BBDC4_SA,0.016835656489397888,1.0
2022-08-29,BBDC4_SA,-0.030975828826569574,-1.0
2022-08-30,BBDC4_SA,-0.009957861003111357,-1.0
2022-08-31,BBDC4_SA,0.11978248283773807,1.0
2022-09-01,BBDC4_SA,0.12188618515215666,1.0
2022-09-02,BBDC4_SA,0.0351052909980345,1.0
2022-09-05,BBDC4_SA,0.015308738983383696,1.0
2022-09-06,BBDC4_SA,0.11436126295823756,1.0
2022-09-08,BBDC4_SA,0.1207726811732801,1.0
2022-09-09,BBDC4_SA,-0.03950894394250515,-1.0
2022-09-12,BBDC4_SA,-0.21418743687674868,-1.0
2022-09-13,BBDC4_SA,-0.20811773198827288,-1.0
2022-09-14,BBDC4_SA,0.1085965940182958,1.0
2022-09-15,BBDC4_SA,0.11262578708661986,1.0
2022-09-16,BBDC4_SA,0.11397124449677887,1.0
2022-09-19,BBDC4_SA,-0.21257845054783764,-1.0
2022-09-20,BBDC4_SA,-0.2371846276384988,-1.0
2022-09-21,BBDC4_SA,-0.23261708840587292,-1.0
2022-09-22,BBDC4_SA,-0.2498365213206215,-1.0
2022-09-23,BBDC4_SA,-0.23490789728973804,-1.0
2022-09-26,BBDC4_SA,-0.22095475989673297,-1.0
2022-09-27,BBDC4_SA,-0.21618987444540982,-1.0
2022-09-29,BBDC4_SA,-0.2225303432120852,-1.0
2022-09-30,BBDC4_SA,-0.22488137367248995,-1.0
2022-10-03,BBDC4_SA,-0.27494805195679584,-1.0
2022-10-05,BBDC4_SA,-0.2823636896970737,-1.0
2022-10-06,BBDC4_SA,-0.2673060501297846,-1.0
2022-10-07,BBDC4_SA,-0.2494090123618874,-1.0
2022-10-10,BBDC4_SA,-0.23786714962636035,-1.0
2022-10-13,BBDC4_SA,-0.2247933157414571,-1.0
2022-10-14,BBDC4_SA,-0.2196754496417983,-1.0
2022-10-17,BBDC4_SA,-0.22518445242088714,-1.0
2022-10-18,BBDC4_SA,-0.23100124926351617,-1.0
2022-10-19,BBDC4_SA,-0.23444993980096507,-1.0
2022-10-20,BBDC4_SA,-0.24312319727822906,-1.0
2022-10-21,BBDC4_SA,-0.25882312750191416,-1.0
2022-10-24,BBDC4_SA,-0.2259651888271158,-1.0
2022-10-25,BBDC4_SA,-0.22125743531191533,-1.0
2022-10-26,BBDC4_SA,-0.18576631468507243,-1.0
2022-10-27,BBDC4_SA,-0.20059341377785667,-1.0
2022-10-28,BBDC4_SA,-0.2051424750564228,-1.0
2022-10-31,BBDC4_SA,-0.22635479045875784,-1.0
2022-11-01,BBDC4_SA,-0.23061616466944657,-1.0
2022-11-03,BBDC4_SA,-0.21723636049340422,-1.0
2022-11-04,BBDC4_SA,-0.20876334675565,-1.0
2022-11-07,BBDC4_SA,-0.18176978673283684,-1.0
2022-11-08,BBDC4_SA,-0.19806180752063962,-1.0
2022-11-09,BBDC4_SA,-0.016416440195311965,-1.0
2022-11-10,BBDC4_SA,0.026126132550722048,1.0
2022-11-11,BBDC4_SA,0.039483116365703674,1.0
2022-11-17,BBDC4_SA,0.006013343677579774,1.0
2022-11-21,BBDC4_SA,-0.015613341627632837,-1.0
2022-11-23,BBDC4_SA,0.012310618787792604,1.0
2022-11-24,BBDC4_SA,-0.021757925298875214,-1.0
2022-11-25,BBDC4_SA,-0.04540080596873053,-1.0
2022-11-29,BBDC4_SA,-0.051886364078781555,-1.0
2022-12-01,BBDC4_SA,-0.07084874456632806,-1.0
2022-12-05,BBDC4_SA,-0.013257200961810156,-1.0
2022-12-06,BBDC4_SA,-0.05461701100722283,-1.0
2022-12-07,BBDC4_SA,-0.029336836407666933,-1.0
2022-12-08,BBDC4_SA,-0.02287501964669114,-1.0
2022-12-09,BBDC4_SA,-0.009438980992254598,-1.0
2022-12-12,BBDC4_SA,-0.004131690554399325,-1.0
2022-12-13,BBDC4_SA,0.07653102518112864,1.0
2022-12-14,BBDC4_SA,0.02744434766326087,1.0
2022-12-15,BBDC4_SA,-0.045099865276534756,-1.0
2022-12-19,BBDC4_SA,-0.0274386923340183,-1.0
2022-12-20,BBDC4_SA,-0.02428510130361805,-1.0
2022-12-21,BBDC4_SA,-0.013892504531710759,-1.0
2022-12-23,BBDC4_SA,-0.04924055980472941,-1.0
2022-12-26,BBDC4_SA,-0.030317168099933456,-1.0
2022-12-28,BBDC4_SA,-0.09384191711604162,-1.0
2023-01-02,BBDC4_SA,-0.08208983511276768,-1.0
2023-01-03,BBDC4_SA,-0.04690528400193639,-1.0
2023-01-05,BBDC4_SA,-0.05358615171414438,-1.0
2023-01-06,BBDC4_SA,-0.05787732669424661,-1.0
2023-01-09,BBDC4_SA,-0.04093265065493601,-1.0
2023-01-10,BBDC4_SA,-0.07219973559111892,-1.0
2023-01-11,BBDC4_SA,-0.11632156202242272,-1.0
2023-01-12,BBDC4_SA,-0.10517177654517751,-1.0
2023-01-16,BBDC4_SA,-0.06617141474305832,-1.0
2023-01-17,BBDC4_SA,-0.04650625382806839,-1.0
2023-01-18,BBDC4_SA,-0.09980056787452662,-1.0
2023-01-20,BBDC4_SA,-0.10174361780155261,-1.0
2023-01-23,BBDC4_SA,-0.07067023096894542,-1.0
2023-01-24,BBDC4_SA,-0.11226766449801973,-1.0
2023-01-25,BBDC4_SA,-0.09601461998326977,-1.0
2023-01-27,BBDC4_SA,-0.05562709758513951,-1.0
2023-01-31,BBDC4_SA,-0.04293136479722737,-1.0
2023-02-01,BBDC4_SA,-0.03945437291252618,-1.0
2023-02-02,BBDC4_SA,-0.07756123190737396,-1.0
2023-02-03,BBDC4_SA,-0.03531730289038437,-1.0
2023-02-07,BBDC4_SA,-0.03197131064258529,-1.0
2023-02-08,BBDC4_SA,-0.06646672523483765,-1.0
2023-02-09,BBDC4_SA,0.00803366601646549,1.0
2023-02-10,BBDC4_SA,0.0923954141764114,1.0
2023-02-13,BBDC4_SA,0.055692340951946306,1.0
2023-02-14,BBDC4_SA,0.04460924424085788,1.0
2023-02-15,BBDC4_SA,0.0007596963631146814,1.0
2023-02-16,BBDC4_SA,-0.024238048615749297,-1.0
2023-02-17,BBDC4_SA,-0.03662508156406841,-1.0
2023-02-22,BBDC4_SA,-0.018130054364269066,-1.0
2023-02-24,BBDC4_SA,0.033110067647665,1.0
2023-02-27,BBDC4_SA,0.028076929889120805,1.0
2023-02-28,BBDC4_SA,0.055087186786982656,1.0
2023-03-01,BBDC4_SA,0.07016987926562179,1.0
2023-03-02,BBDC4_SA,0.06881946623313473,1.0
2023-03-03,BBDC4_SA,0.07228041394755524,1.0
2023-03-06,BBDC4_SA,0.06173336586232603,1.0
2023-03-07,BBDC4_SA,0.08915081920916812,1.0
2023-03-08,BBDC4_SA,0.09586489138304533,1.0
2023-03-10,BBDC4_SA,0.12333697226810303,1.0
2023-03-13,BBDC4_SA,0.15083931381450788,1.0
2023-03-14,BBDC4_SA,0.16300313229124241,1.0
2023-03-15,BBDC4_SA,0.16446065770857166,1.0
2023-03-16,BBDC4_SA,0.13337043943835636,1.0
2023-03-17,BBDC4_SA,0.17741729207372403,1.0
2023-03-20,BBDC4_SA,0.20191743781733273,1.0
2023-03-22,BBDC4_SA,0.21007289620982728,1.0
2023-03-23,BBDC4_SA,0.2222774727663006,1.0
2023-03-24,BBDC4_SA,0.2151267704484976,1.0
2023-03-27,BBDC4_SA,0.21755427173432973,1.0
2023-03-29,BBDC4_SA,0.2128677430670869,1.0
2023-03-30,BBDC4_SA,0.2052474914542215,1.0
2023-03-31,BBDC4_SA,0.22446617961651882,1.0
2023-04-03,BBDC4_SA,0.20282381752339695,1.0
2023-04-04,BBDC4_SA,0.19998999737195078,1.0
2023-04-05,BBDC4_SA,0.21803225302331164,1.0
2023-04-06,BBDC4_SA,0.2073573825901609,1.0
2023-04-10,BBDC4_SA,0.1936164379267078,1.0
2023-04-11,BBDC4_SA,0.21873074251037772,1.0
2023-04-12,BBDC4_SA,0.20529696064433378,1.0
2023-04-17,BBDC4_SA,0.21144172186540344,1.0
2023-04-18,BBDC4_SA,0.20032435337702736,1.0
2023-04-19,BBDC4_SA,0.20256775296162122,1.0
2023-04-20,BBDC4_SA,0.19188614052278918,1.0
2023-04-24,BBDC4_SA,0.20167057035737024,1.0
2023-04-25,BBDC4_SA,0.19506722468787863,1.0
2023-04-26,BBDC4_SA,0.19276909479205706,1.0
2023-04-27,BBDC4_SA,0.18985615903287645,1.0
2023-04-28,BBDC4_SA,0.1821242171213291,1.0
2023-05-02,BBDC4_SA,0.17966191435285683,1.0
2023-05-03,BBDC4_SA,0.17236298613219403,1.0
2023-05-04,BBDC4_SA,0.18052417915637342,1.0
2023-05-05,BBDC4_SA,0.14295058333444155,1.0
2023-05-08,BBDC4_SA,0.09522869497066444,1.0
2023-05-09,BBDC4_SA,0.108063969319796,1.0
2023-05-11,BBDC4_SA,0.07241211649223067,1.0
2023-05-12,BBDC4_SA,0.0682151061088292,1.0
2023-05-15,BBDC4_SA,0.052541994087705435,1.0
2023-05-17,BBDC4_SA,0.07278278993313925,1.0
2023-05-19,BBDC4_SA,0.047249046581025134,1.0
2023-05-22,BBDC4_SA,0.05586263309333872,1.0
2023-05-23,BBDC4_SA,0.0435180218364446,1.0
2023-05-24,BBDC4_SA,0.07703117116251623,1.0
2023-05-25,BBDC4_SA,0.07359898629926809,1.0
2023-05-30,BBDC4_SA,0.0797042536087782,1.0
2023-05-31,BBDC4_SA,0.06807654399616658,1.0
2023-06-01,BBDC4_SA,0.06137271929011434,1.0
2023-06-05,BBDC4_SA,0.031217520553173284,1.0
2023-06-06,BBDC4_SA,0.019273274172496135,1.0
2023-06-09,BBDC4_SA,-0.0704506787505168,-1.0
2023-06-12,BBDC4_SA,-0.06934071949057141,-1.0
2023-06-14,BBDC4_SA,-0.07712322920825487,-1.0
2023-06-15,BBDC4_SA,-0.07205047679759313,-1.0
2023-06-16,BBDC4_SA,-0.0801738512861585,-1.0
2023-06-19,BBDC4_SA,-0.10087515497223021,-1.0
2023-06-22,BBDC4_SA,-0.08886738682582773,-1.0
2023-06-23,BBDC4_SA,-0.07121985403839914,-1.0
2023-06-26,BBDC4_SA,-0.07347822444328034,-1.0
2023-06-27,BBDC4_SA,-0.07057596403632127,-1.0
2023-06-28,BBDC4_SA,-0.04191536822875508,-1.0
2023-06-29,BBDC4_SA,-0.06899732508130041,-1.0
2023-06-30,BBDC4_SA,-0.09642065406296663,-1.0
2023-07-03,BBDC4_SA,-0.07893268598315706,-1.0
2023-07-04,BBDC4_SA,-0.0624122859881191,-1.0
2023-07-06,BBDC4_SA,-0.07439143108945856,-1.0
2023-07-07,BBDC4_SA,-0.07818595701482367,-1.0
2023-07-12,BBDC4_SA,-0.10744986213510443,-1.0
2023-07-13,BBDC4_SA,-0.12902200383929585,-1.0
2023-07-14,BBDC4_SA,-0.10618809415381125,-1.0
2023-07-17,BBDC4_SA,-0.13164528007276333,-1.0
2023-07-19,BBDC4_SA,-0.09230410861639493,-1.0
2023-07-21,BBDC4_SA,-0.12972152174872065,-1.0
2023-07-24,BBDC4_SA,-0.13164528007276333,-1.0
2023-07-25,BBDC4_SA,-0.10243560840805799,-1.0
2023-07-26,BBDC4_SA,-0.13736160824710408,-1.0
2023-07-27,BBDC4_SA,-0.13140698945660245,-1.0
2023-07-28,BBDC4_SA,-0.13419774358063485,-1.0
2023-07-31,BBDC4_SA,-0.13477242808698897,-1.0
2023-08-01,BBDC4_SA,-0.13269048909710324,-1.0
2023-08-02,BBDC4_SA,-0.12426630924755544,-1.0
2023-08-03,BBDC4_SA,-0.13001637202533534,-1.0
2023-08-04,BBDC4_SA,-0.08622157745522108,-1.0
2023-08-07,BBDC4_SA,-0.09084753472004414,-1.0
2023-08-08,BBDC4_SA,-0.06439790956135849,-1.0
2023-08-09,BBDC4_SA,-0.0555912360802312,-1.0
2023-08-10,BBDC4_SA,-0.0615869294107928,-1.0
2023-08-11,BBDC4_SA,-0.06457252941838487,-1.0
2023-08-14,BBDC4_SA,-0.04918614983320613,-1.0
2023-08-15,BBDC4_SA,-0.03793255031906162,-1.0
2023-08-16,BBDC4_SA,-0.04734982907140517,-1.0
2023-08-17,BBDC4_SA,-0.027282493641216043,-1.0
2023-08-18,BBDC4_SA,-0.04358690526173836,-1.0
2023-08-21,BBDC4_SA,-0.045253247646316,-1.0
2023-08-22,BBDC4_SA,-0.046919510083326066,-1.0
2023-08-23,BBDC4_SA,-0.07751470548831818,-1.0
2023-08-24,BBDC4_SA,-0.05345507551872086,-1.0
2023-08-25,BBDC4_SA,-0.04132817368899644,-1.0
2023-08-28,BBDC4_SA,-0.07400411468553736,-1.0
2023-08-29,BBDC4_SA,-0.06146239812107823,-1.0
2023-08-30,BBDC4_SA,-0.05095329509962654,-1.0
2023-08-31,BBDC4_SA,-0.04835263707927007,-1.0
2023-09-04,BBDC4_SA,-0.05107192608322897,-1.0
2023-09-05,BBDC4_SA,0.015761915927449133,1.0
2023-09-06,BBDC4_SA,0.029191530259068177,1.0
2023-09-11,BBDC4_SA,0.042392110540795835,1.0
2023-09-12,BBDC4_SA,0.03176852211466752,1.0
2023-09-13,BBDC4_SA,0.01279611421874538,1.0
2023-09-14,BBDC4_SA,-0.011389541631835587,-1.0
2023-09-19,BBDC4_SA,0.048921192649223455,1.0
2023-09-20,BBDC4_SA,0.047379919631011624,1.0
2023-09-21,BBDC4_SA,0.08355753056044124,1.0
2023-09-22,BBDC4_SA,0.11465693344674444,1.0
2023-09-26,BBDC4_SA,0.15999472972707185,1.0
2023-09-27,BBDC4_SA,0.13307396161126284,1.0
2023-09-28,BBDC4_SA,0.1363879261749703,1.0
2023-09-29,BBDC4_SA,0.136621166518885,1.0
2023-10-02,BBDC4_SA,0.14847654799726584,1.0
2023-10-03,BBDC4_SA,0.16259767980135265,1.0
2023-10-04,BBDC4_SA,0.13643676612193611,1.0
2023-10-05,BBDC4_SA,0.13372641055648948,1.0
2023-10-09,BBDC4_SA,0.13960669608569276,1.0
2023-10-10,BBDC4_SA,0.13802267542276514,1.0
2023-10-11,BBDC4_SA,0.11291693568048644,1.0
2023-10-13,BBDC4_SA,0.13880821535404508,1.0
2023-10-16,BBDC4_SA,0.16137894993831847,1.0
2023-10-17,BBDC4_SA,0.13880821535404508,1.0
2023-10-18,BBDC4_SA,0.13034874478373193,1.0
2023-10-19,BBDC4_SA,0.12902959740852005,1.0
2023-10-20,BBDC4_SA,0.14207142367537196,1.0
2023-10-25,BBDC4_SA,0.14368711985332605,1.0
2023-10-26,BBDC4_SA,0.12357897900521153,1.0
2023-10-27,BBDC4_SA,0.12695011913877852,1.0
2023-10-30,BBDC4_SA,0.1396571027943494,1.0
2023-10-31,BBDC4_SA,0.1258874277170916,1.0
2023-11-01,BBDC4_SA,0.14530700034403865,1.0
2023-11-03,BBDC4_SA,0.14960983950607587,1.0
2023-11-07,BBDC4_SA,0.13993950413931677,1.0
2023-11-08,BBDC4_SA,0.1339517039865401,1.0
2023-11-10,BBDC4_SA,0.1289719477095812,1.0
2023-11-13,BBDC4_SA,0.15194976723724252,1.0
2023-11-14,BBDC4_SA,0.12822184244948898,1.0
2023-11-16,BBDC4_SA,0.13049641714454152,1.0
2023-11-17,BBDC4_SA,0.1387182100993649,1.0
2023-11-20,BBDC4_SA,0.13577413851965092,1.0
2023-11-21,BBDC4_SA,0.13175056317183653,1.0
2023-11-22,BBDC4_SA,0.1256265839350188,1.0
2023-11-23,BBDC4_SA,-0.005828193795583636,-1.0
2023-11-27,BBDC4_SA,-0.0015568391909444035,-1.0
2023-11-28,BBDC4_SA,-0.0004918206047720419,-1.0
2023-11-29,BBDC4_SA,-0.0045954893010408115,-1.0
2023-11-30,BBDC4_SA,-0.020218881058629012,-1.0
2023-12-01,BBDC4_SA,-0.018102917580944178,-1.0
2023-12-04,BBDC4_SA,-0.01269217967560854,-1.0
2023-12-05,BBDC4_SA,-0.020548042156587343,-1.0
2023-12-06,BBDC4_SA,0.009783555469916161,1.0
2023-12-07,BBDC4_SA,0.06980237376195042,1.0
2023-12-08,BBDC4_SA,-0.11454515296361767,-1.0
2023-12-11,BBDC4_SA,-0.13306963295257745,-1.0
2023-12-12,BBDC4_SA,-0.12880157581189222,-1.0
2023-12-13,BBDC4_SA,-0.14064945850866484,-1.0
2023-12-14,BBDC4_SA,-0.15509668685520261,-1.0
2023-12-15,BBDC4_SA,-0.16334182467632252,-1.0
2023-12-18,BBDC4_SA,-0.1695392977700252,-1.0
2023-12-20,BBDC4_SA,-0.1555863162582919,-1.0
2023-12-22,BBDC4_SA,-0.16855808116966364,-1.0
2023-12-26,BBDC4_SA,-0.17102093964959264,-1.0
2023-12-27,BBDC4_SA,-0.17590297303825797,-1.0
2023-12-28,BBDC4_SA,-0.1812072606426014,-1.0
2024-01-02,BBDC4_SA,-0.16458685379571747,-1.0
2024-01-04,BBDC4_SA,-0.1539155115604297,-1.0
2024-01-05,BBDC4_SA,-0.17196003350640943,-1.0
2024-01-08,BBDC4_SA,-0.16553351929875082,-1.0
2024-01-09,BBDC4_SA,-0.142495940002609,-1.0
2024-01-10,BBDC4_SA,-0.15250801432809502,-1.0
2024-01-11,BBDC4_SA,-0.14825468432259037,-1.0
2024-01-12,BBDC4_SA,-0.1412510929806764,-1.0
2024-01-15,BBDC4_SA,-0.14449771969838177,-1.0
2024-01-16,BBDC4_SA,-0.136883539574575,-1.0
2024-01-18,BBDC4_SA,-0.13357881667755067,-1.0
2024-01-22,BBDC4_SA,-0.12828624806746491,-1.0
2024-01-23,BBDC4_SA,-0.12375206181747223,-1.0
2024-01-24,BBDC4_SA,-0.12620250364395047,-1.0
2024-01-25,BBDC4_SA,-0.12261113553394765,-1.0
2024-01-26,BBDC4_SA,-0.12520473319363146,-1.0
2024-01-29,BBDC4_SA,-0.11724185758491501,-1.0
2024-01-30,BBDC4_SA,-0.11743998312062087,-1.0
2024-01-31,BBDC4_SA,-0.11551676373443087,-1.0
2024-02-05,BBDC4_SA,-0.1324372975435194,-1.0
2024-02-06,BBDC4_SA,-0.1590358341308461,-1.0
2024-02-07,BBDC4_SA,0.050129858785317616,1.0
2024-02-08,BBDC4_SA,0.0877622850179034,1.0
2024-02-09,BBDC4_SA,0.07274983297074034,1.0
2024-02-14,BBDC4_SA,0.07922166738396053,1.0
2024-02-16,BBDC4_SA,0.04140445202855525,1.0
2024-02-19,BBDC4_SA,0.021088354728054926,1.0
2024-02-20,BBDC4_SA,-0.007325435917537315,-1.0
2024-02-22,BBDC4_SA,-0.02306089402446132,-1.0
2024-02-23,BBDC4_SA,-0.014690029712377761,-1.0
2024-02-27,BBDC4_SA,-0.02230901219635506,-1.0
2024-02-29,BBDC4_SA,0.012203593416105774,1.0
2024-03-04,BBDC4_SA,0.027020588779039123,1.0
2024-03-05,BBDC4_SA,0.010102737587843524,1.0
2024-03-06,BBDC4_SA,-0.0001827666770614078,-1.0
2024-03-08,BBDC4_SA,-0.0023520414065008044,-1.0
2024-03-11,BBDC4_SA,-0.005924771550851471,-1.0
2024-03-12,BBDC4_SA,-0.04282644233478783,-1.0
2024-03-13,BBDC4_SA,-0.05854239308275622,-1.0
2024-03-14,BBDC4_SA,-0.06025642496252226,-1.0
2024-03-15,BBDC4_SA,-0.04631461466714781,-1.0
2024-03-18,BBDC4_SA,-0.061539225314378276,-1.0
2024-03-19,BBDC4_SA,-0.05125168031206728,-1.0
2024-03-20,BBDC4_SA,-0.058284795994228866,-1.0
2024-03-21,BBDC4_SA,-0.05472061843162401,-1.0
2024-03-22,BBDC4_SA,-0.03750420513478758,-1.0
2024-03-26,BBDC4_SA,-0.08663170791568964,-1.0
2024-03-27,BBDC4_SA,-0.09434028882544432,-1.0
2024-03-28,BBDC4_SA,-0.09080192307302049,-1.0
2024-04-01,BBDC4_SA,-0.08314686198083288,-1.0
2024-04-02,BBDC4_SA,-0.097423460484523,-1.0
2024-04-03,BBDC4_SA,-0.12319320389171695,-1.0
2024-04-04,BBDC4_SA,-0.12311100157825772,-1.0
2024-04-08,BBDC4_SA,-0.12335017553847594,-1.0
2024-04-09,BBDC4_SA,-0.11030634784304139,-1.0
2024-04-10,BBDC4_SA,-0.0981176077691226,-1.0
2024-04-12,BBDC4_SA,-0.08747005606347713,-1.0
2024-04-15,BBDC4_SA,-0.09097465394237358,-1.0
2024-04-16,BBDC4_SA,-0.08371283207092495,-1.0
2024-04-17,BBDC4_SA,-0.0696481324490601,-1.0
2024-04-18,BBDC4_SA,-0.055398541395588086,-1.0
2024-04-19,BBDC4_SA,-0.06117914896505816,-1.0
2024-04-22,BBDC4_SA,-0.05246099803654736,-1.0
2024-04-23,BBDC4_SA,-0.06096920436237774,-1.0
2024-04-26,BBDC4_SA,-0.08039295478498043,-1.0
2024-04-29,BBDC4_SA,-0.08995909765380672,-1.0
2024-04-30,BBDC4_SA,-0.08236500559061122,-1.0
2024-05-02,BBDC4_SA,-0.07474570193482799,-1.0
2024-05-03,BBDC4_SA,-0.0802365878813932,-1.0
2024-05-09,BBDC4_SA,-0.04159627022756773,-1.0
2024-05-10,BBDC4_SA,-0.03586151397263804,-1.0
2024-05-13,BBDC4_SA,-0.04016921333660883,-1.0
2024-05-15,BBDC4_SA,-0.013710110624588712,-1.0
2024-05-16,BBDC4_SA,-0.021200977713020097,-1.0
2024-05-17,BBDC4_SA,-0.028614084217442715,-1.0
2024-05-20,BBDC4_SA,-0.018222290851519385,-1.0
2024-05-21,BBDC4_SA,-0.011769932783240455,-1.0
2024-05-22,BBDC4_SA,-0.008092526402495248,-1.0
2024-05-23,BBDC4_SA,0.0032274088105535004,1.0
2024-05-24,BBDC4_SA,0.007432911273427045,1.0
2024-05-27,BBDC4_SA,0.003348317519998645,1.0
2024-05-29,BBDC4_SA,-0.0010373699598130726,-1.0
2024-05-31,BBDC4_SA,0.016589383665522206,1.0
2024-06-03,BBDC4_SA,0.014267681763612483,1.0
2024-06-04,BBDC4_SA,-0.0031620429260625915,-1.0
2024-06-05,BBDC4_SA,0.00472308773980612,1.0
2024-06-06,BBDC4_SA,-0.0033989801116380836,-1.0
2024-06-07,BBDC4_SA,0.010606011648801372,1.0
2024-06-10,BBDC4_SA,0.09490922461357432,1.0
2024-06-11,BBDC4_SA,0.12498778633467378,1.0
2024-06-12,BBDC4_SA,0.10957752097970186,1.0
2024-06-14,BBDC4_SA,0.13375627302745552,1.0
2024-06-17,BBDC4_SA,0.1215185303620574,1.0
2024-06-18,BBDC4_SA,0.13917879336425076,1.0
2024-06-19,BBDC4_SA,0.13368446406430667,1.0
2024-06-20,BBDC4_SA,0.1364247319695855,1.0
2024-06-24,BBDC4_SA,0.13368446406430667,1.0
2024-06-25,BBDC4_SA,0.10629283076038565,1.0
2024-06-26,BBDC4_SA,0.10360972531740731,1.0
2024-06-27,BBDC4_SA,0.09916698483749187,1.0
2024-06-28,BBDC4_SA,0.10271844576053968,1.0
2024-07-01,BBDC4_SA,0.11260403013446862,1.0
2024-07-03,BBDC4_SA,0.11088328666701353,1.0
2024-07-04,BBDC4_SA,0.10637539741959601,1.0
2024-07-05,BBDC4_SA,0.09394424657795564,1.0
2024-07-10,BBDC4_SA,0.11138281539538997,1.0
2024-07-12,BBDC4_SA,0.11402092701499589,1.0
2024-07-15,BBDC4_SA,0.11667119744605636,1.0
2024-07-16,BBDC4_SA,0.11314032964286769,1.0
2024-07-17,BBDC4_SA,0.100095416561508,1.0
2024-07-18,BBDC4_SA,0.08523423335619884,1.0
2024-07-19,BBDC4_SA,0.09131644162314378,1.0
2024-07-22,BBDC4_SA,0.11490301726232466,1.0
2024-07-23,BBDC4_SA,0.08696506437140372,1.0
2024-07-25,BBDC4_SA,0.10368750409984706,1.0
2024-07-26,BBDC4_SA,0.0948226689731202,1.0
2024-07-29,BBDC4_SA,0.09044334233061013,1.0
2024-07-30,BBDC4_SA,0.09923741197922187,1.0
2024-07-31,BBDC4_SA,0.09658404807032905,1.0
2024-08-01,BBDC4_SA,0.08264815361545064,1.0
2024-08-02,BBDC4_SA,0.11146269324539504,1.0
2024-08-05,BBDC4_SA,0.14915514849473355,1.0
2024-08-06,BBDC4_SA,0.06032811828265894,1.0
2024-08-08,BBDC4_SA,0.07250234157859348,1.0
2024-08-09,BBDC4_SA,0.04818363350834409,1.0
2024-08-12,BBDC4_SA,0.05073079362538402,1.0
2024-08-13,BBDC4_SA,0.03938589648339841,1.0
2024-08-14,BBDC4_SA,0.010074337366819508,1.0
2024-08-15,BBDC4_SA,0.005442674243812506,1.0
2024-08-16,BBDC4_SA,0.004627537697268647,1.0
2024-08-19,BBDC4_SA,-0.02411558096209132,-1.0
2024-08-20,BBDC4_SA,-0.019430859765352193,-1.0
2024-08-21,BBDC4_SA,-0.01828984105082354,-1.0
2024-08-22,BBDC4_SA,-0.004784382594389847,-1.0
2024-08-23,BBDC4_SA,-0.005894870213530745,-1.0
2024-08-26,BBDC4_SA,-0.0053148959126364526,-1.0
2024-08-27,BBDC4_SA,0.00035167379239053886,1.0
2024-08-28,BBDC4_SA,-0.019499132104675132,-1.0
2024-09-02,BBDC4_SA,-0.009888306497433108,-1.0
2024-09-03,BBDC4_SA,-0.03468760726583531,-1.0
2024-09-04,BBDC4_SA,-0.038788972869176486,-1.0
2024-09-05,BBDC4_SA,-0.08903414638622065,-1.0
2024-09-06,BBDC4_SA,-0.08785481307332754,-1.0
2024-09-09,BBDC4_SA,-0.08952617699723053,-1.0
2024-09-10,BBDC4_SA,-0.10398537750640025,-1.0
2024-09-11,BBDC4_SA,-0.1014673302506166,-1.0
2024-09-12,BBDC4_SA,-0.10722638181095612,-1.0
2024-09-16,BBDC4_SA,-0.11345603374046032,-1.0
2024-09-17,BBDC4_SA,-0.1123138653575998,-1.0
2024-09-18,BBDC4_SA,-0.10106990764269819,-1.0
2024-09-19,BBDC4_SA,-0.0851291735914006,-1.0
2024-09-20,BBDC4_SA,-0.054670305730393776,-1.0
2024-09-23,BBDC4_SA,-0.022599955997344323,-1.0
2024-09-25,BBDC4_SA,-0.028745606133037005,-1.0
2024-09-26,BBDC4_SA,-0.06673533087726147,-1.0
2024-09-27,BBDC4_SA,-0.06873341906357766,-1.0
2024-09-30,BBDC4_SA,-0.07910967314478257,-1.0
2024-10-01,BBDC4_SA,-0.12908729846435052,-1.0
2024-10-02,BBDC4_SA,-0.15939601963147554,-1.0
2024-10-03,BBDC4_SA,-0.1504534540852861,-1.0
2024-10-07,BBDC4_SA,-0.15939601963147554,-1.0
2024-10-09,BBDC4_SA,-0.14362069460941962,-1.0
2024-10-10,BBDC4_SA,-0.14818797311420073,-1.0
2024-10-11,BBDC4_SA,-0.145472282987138,-1.0
2024-10-14,BBDC4_SA,-0.14932219087485155,-1.0
2024-10-15,BBDC4_SA,-0.1566217964547535,-1.0
2024-10-16,BBDC4_SA,-0.15382920125395783,-1.0
2024-10-17,BBDC4_SA,-0.15939601963147554,-1.0
2024-10-18,BBDC4_SA,-0.1659805125650583,-1.0
2024-10-21,BBDC4_SA,-0.163797013059219,-1.0
2024-10-22,BBDC4_SA,-0.1582885841831898,-1.0
2024-10-23,BBDC4_SA,-0.1549483330787952,-1.0
2024-10-25,BBDC4_SA,-0.14419415541166536,-1.0
2024-10-28,BBDC4_SA,-0.12250419040072902,-1.0
2024-10-29,BBDC4_SA,-0.14705060192178432,-1.0
2024-10-30,BBDC4_SA,-0.14988822983814665,-1.0
2024-10-31,BBDC4_SA,-0.13871651218892844,-1.0
2024-11-01,BBDC4_SA,-0.1541922753145909,-1.0
2024-11-05,BBDC4_SA,-0.1444151597734321,-1.0
2024-11-06,BBDC4_SA,-0.16671535085361455,-1.0
2024-11-07,BBDC4_SA,-0.15756478184566836,-1.0
2024-11-08,BBDC4_SA,-0.14821135586781597,-1.0
2024-11-11,BBDC4_SA,-0.14504735947276104,-1.0
2024-11-12,BBDC4_SA,-0.1405776471049075,-1.0
2024-11-13,BBDC4_SA,-0.1463157051641344,-1.0
2024-11-14,BBDC4_SA,-0.1494704069257623,-1.0
2024-11-18,BBDC4_SA,-0.13131983054352336,-1.0
2024-11-19,BBDC4_SA,-0.1376052043942224,-1.0
2024-11-21,BBDC4_SA,-0.13447385944870316,-1.0
2024-11-25,BBDC4_SA,-0.15384819767742863,-1.0
2024-11-26,BBDC4_SA,-0.1294159653427136,-1.0
2024-11-27,BBDC4_SA,-0.13606123768486822,-1.0
2024-11-28,BBDC4_SA,-0.07145567055039204,-1.0
2024-11-29,BBDC4_SA,-0.010551340531419928,-1.0
2024-12-02,BBDC4_SA,0.0068983987160529114,1.0
2024-12-03,BBDC4_SA,0.008585472553429563,1.0
2024-12-04,BBDC4_SA,-0.004504835467205703,-1.0
2024-12-05,BBDC4_SA,0.004932672557053763,1.0
2024-12-06,BBDC4_SA,0.042792271526011616,1.0
2024-12-09,BBDC4_SA,0.008397550826740874,1.0
2024-12-10,BBDC4_SA,-0.010170039728236935,-1.0
2024-12-11,BBDC4_SA,-0.004621028408245298,-1.0
2024-12-12,BBDC4_SA,-0.015918551635101807,-1.0
2024-12-13,BBDC4_SA,0.010706282686559598,1.0
2024-12-16,BBDC4_SA,0.054509758452260026,1.0
2024-12-17,BBDC4_SA,0.0483114817345387,1.0
2024-12-18,BBDC4_SA,0.09303444634424296,1.0
2024-12-20,BBDC4_SA,0.04605515153228046,1.0
2024-12-23,BBDC4_SA,0.05527005732483059,1.0
2024-12-26,BBDC4_SA,0.02853848146555582,1.0
2024-12-27,BBDC4_SA,0.04903124074999465,1.0
2025-01-02,BBDC4_SA,0.009404745292276528,1.0
2025-01-03,BBDC4_SA,0.005151446192608322,1.0
2025-01-06,BBDC4_SA,0.005959550505700184,1.0
2025-01-07,BBDC4_SA,0.000669016998800398,1.0
2025-01-08,BBDC4_SA,0.02878983915693567,1.0
2025-01-09,BBDC4_SA,0.020993734177221057,1.0
2025-01-10,BBDC4_SA,0.02749748884095804,1.0
2025-01-13,BBDC4_SA,0.023834315965456376,1.0
2025-01-14,BBDC4_SA,0.022578551785747303,1.0
2025-01-15,BBDC4_SA,0.0287104611056892,1.0
2025-01-16,BBDC4_SA,0.05287604779086208,1.0
2025-01-17,BBDC4_SA,0.0647280717212213,1.0
2025-01-20,BBDC4_SA,0.07055541866266557,1.0
2025-01-22,BBDC4_SA,0.09415674969954879,1.0
2025-01-23,BBDC4_SA,0.11425334179219915,1.0
2025-01-24,BBDC4_SA,0.14177224913316944,1.0
2025-01-27,BBDC4_SA,0.1323584406236158,1.0
2025-01-28,BBDC4_SA,0.1231776248357972,1.0
2025-01-29,BBDC4_SA,0.11919736162949057,1.0
2025-01-30,BBDC4_SA,0.04706811359793117,1.0
2025-01-31,BBDC4_SA,0.05290483292550774,1.0
2025-02-04,BBDC4_SA,0.07933390077003022,1.0
2025-02-05,BBDC4_SA,0.043164982241211236,1.0
2025-02-06,BBDC4_SA,0.011765293583859915,1.0
2025-02-07,BBDC4_SA,0.024144541809984377,1.0
2025-02-11,BBDC4_SA,0.035730709091948754,1.0
2025-02-12,BBDC4_SA,0.10003779764512788,1.0
2025-02-13,BBDC4_SA,0.09468171453107788,1.0
2025-02-14,BBDC4_SA,0.06768151798863342,1.0
2025-02-19,BBDC4_SA,0.08554442324839928,1.0
2025-02-21,BBDC4_SA,0.15273806236884502,1.0
2025-02-24,BBDC4_SA,0.15510636795926924,1.0
2025-02-25,BBDC4_SA,0.15959364593069303,1.0
2025-02-26,BBDC4_SA,0.16411485129488512,1.0
2025-02-27,BBDC4_SA,0.17121928233303763,1.0
2025-02-28,BBDC4_SA,0.16477776369876307,1.0
2025-03-05,BBDC4_SA,0.17121928233303763,1.0
2025-03-06,BBDC4_SA,0.1611433854835458,1.0
2025-03-07,BBDC4_SA,0.16555850267798733,1.0
2025-03-10,BBDC4_SA,0.16416735112067005,1.0
2025-03-11,BBDC4_SA,0.17128446402140618,1.0
2025-03-13,BBDC4_SA,0.15117661374272617,1.0
2025-03-14,BBDC4_SA,0.2696859934734974,1.0
2025-03-17,BBDC4_SA,0.2511201357427091,1.0
2025-03-19,BBDC4_SA,0.24103881981249464,1.0
2025-03-20,BBDC4_SA,0.24706771882518486,1.0
2025-03-21,BBDC4_SA,0.2301350918763645,1.0
2025-03-24,BBDC4_SA,0.21749325761715133,1.0
2025-03-25,BBDC4_SA,0.19761233658800403,1.0
2025-03-26,BBDC4_SA,0.17836988767169548,1.0
2025-03-27,BBDC4_SA,0.18289467662358416,1.0
2025-03-28,BBDC4_SA,0.19947757518785192,1.0
2025-03-31,BBDC4_SA,0.21557130764824484,1.0
2025-04-02,BBDC4_SA,0.211012327839889,1.0
2025-04-03,BBDC4_SA,0.18814512824879448,1.0
2025-04-04,BBDC4_SA,0.20137844083988066,1.0
2025-04-07,BBDC4_SA,0.22178999879972183,1.0
2025-04-08,BBDC4_SA,0.25634931563009333,1.0
2025-04-09,BBDC4_SA,0.211012327839889,1.0
2025-04-11,BBDC4_SA,0.1966183551797165,1.0
2025-04-14,BBDC4_SA,0.18627822246040027,1.0
2025-04-17,BBDC4_SA,0.18163719790910315,1.0
2025-04-22,BBDC4_SA,0.18627822246040027,1.0
2025-04-23,BBDC4_SA,0.14838960268496537,1.0
2025-04-24,BBDC4_SA,0.1408323217231613,1.0
2025-04-29,BBDC4_SA,0.13864446605150738,1.0
2025-04-30,BBDC4_SA,0.14436887588168346,1.0
2025-05-02,BBDC4_SA,0.14372786109509694,1.0
2025-05-05,BBDC4_SA,0.1368419261432361,1.0
2025-05-06,BBDC4_SA,0.13897296246171598,1.0
2025-05-07,BBDC4_SA,0.1564418503986753,1.0
2025-05-08,BBDC4_SA,0.12790612260774048,1.0
2025-05-12,BBDC4_SA,0.13331457684790582,1.0
2025-05-13,BBDC4_SA,0.09674932990500795,1.0
2025-05-15,BBDC4_SA,0.06685502720205938,1.0
2025-05-19,BBDC4_SA,0.05709410637344958,1.0
2025-05-20,BBDC4_SA,0.04438670146419721,1.0
2025-05-21,BBDC4_SA,0.06137705580678565,1.0
2025-05-23,BBDC4_SA,0.022935018597862733,1.0
2025-05-26,BBDC4_SA,0.014483995125949445,1.0
2025-05-27,BBDC4_SA,0.010147651809449654,1.0
2025-05-28,BBDC4_SA,-0.009368153754072184,-1.0
2025-05-29,BBDC4_SA,-0.0126700238879206,-1.0
2025-05-30,BBDC4_SA,-0.02754170231055708,-1.0
2025-06-03,BBDC4_SA,-0.03274999314989124,-1.0
2025-06-05,BBDC4_SA,-0.007031083615132605,-1.0
2025-06-09,BBDC4_SA,0.010714947364010907,1.0
2025-06-11,BBDC4_SA,-0.012759609847629694,-1.0
2025-06-12,BBDC4_SA,-0.011818698287728746,-1.0
2025-06-13,BBDC4_SA,-0.00405158870604283,-1.0
2025-06-16,BBDC4_SA,-0.0023108751843861075,-1.0
2025-06-17,BBDC4_SA,-0.025536545822194556,-1.0
2025-06-18,BBDC4_SA,-0.02528353217976098,-1.0
2025-06-20,BBDC4_SA,-0.015845015061255796,-1.0
2025-06-23,BBDC4_SA,0.011714752989967714,1.0
2025-06-24,BBDC4_SA,-0.025890976407288213,-1.0
2025-06-25,BBDC4_SA,-0.014464409043232207,-1.0
2025-06-26,BBDC4_SA,-0.02647939534241417,-1.0
2025-06-30,BBDC4_SA,-0.008723938333247472,-1.0
2025-07-01,BBDC4_SA,-0.019873382788391458,-1.0
2025-07-02,BBDC4_SA,0.005505189000418742,1.0
2025-07-03,BBDC4_SA,0.0036123723083365533,1.0
2025-07-04,BBDC4_SA,0.010830833692633934,1.0
2025-07-07,BBDC4_SA,0.013956052949643416,1.0
2025-07-09,BBDC4_SA,0.010936306285485697,1.0
2025-07-10,BBDC4_SA,0.04521039489270162,1.0
2025-07-11,BBDC4_SA,0.07667657136249661,1.0
2025-07-14,BBDC4_SA,0.0670666504392734,1.0
2025-07-16,BBDC4_SA,0.052913477077405124,1.0
2025-07-18,BBDC4_SA,0.0765600652742684,1.0
2025-07-22,BBDC4_SA,0.08957585077183938,1.0
2025-07-23,BBDC4_SA,0.10966379293939998,1.0
2025-07-24,BBDC4_SA,0.11231098512643034,1.0
2025-07-25,BBDC4_SA,0.1408589976664767,1.0
2025-07-28,BBDC4_SA,0.14128634459704092,1.0
2025-07-30,BBDC4_SA,0.14253526712599474,1.0
2025-07-31,BBDC4_SA,0.14306279060777927,1.0
2025-08-04,BBDC4_SA,0.13219170237170141,1.0
2025-08-07,BBDC4_SA,0.13174667299019016,1.0
2025-08-08,BBDC4_SA,0.12845206193122527,1.0
2025-08-11,BBDC4_SA,0.1239171746935046,1.0
2025-08-12,BBDC4_SA,0.04739594120805357,1.0
2025-08-13,BBDC4_SA,0.07354741758576178,1.0
2025-08-14,BBDC4_SA,0.12492772579211553,1.0
2025-08-18,BBDC4_SA,0.054738555490071894,1.0
2025-08-19,BBDC4_SA,0.12287009876783328,1.0
2025-08-20,BBDC4_SA,0.12817425754567036,1.0
2025-08-21,BBDC4_SA,0.12287009876783328,1.0
2025-08-22,BBDC4_SA,0.10481765628875728,1.0
2025-08-25,BBDC4_SA,0.12268567350492021,1.0
2025-08-26,BBDC4_SA,0.12543918190805758,1.0
2025-08-27,BBDC4_SA,0.10357178864056515,1.0
2025-08-28,BBDC4_SA,0.09144329485079705,1.0
2025-08-29,BBDC4_SA,0.09490513845758297,1.0
2025-09-01,BBDC4_SA,0.11125210624052562,1.0
2025-09-02,BBDC4_SA,0.12410952130892983,1.0
2025-09-04,BBDC4_SA,0.13903049061719286,1.0
2025-09-05,BBDC4_SA,0.07237754814012232,1.0
2025-09-08,BBDC4_SA,0.08987761964998797,1.0
2025-09-09,BBDC4_SA,0.12830395084114632,1.0
2025-09-10,BBDC4_SA,0.1363297465323421,1.0
2025-09-11,BBDC4_SA,0.12565364106287769,1.0
2025-09-12,BBDC4_SA,0.13903049061719286,1.0
2025-09-15,BBDC4_SA,0.12565364106287769,1.0
2025-09-16,BBDC4_SA,0.12830395084114632,1.0
2025-09-17,BBDC4_SA,0.12982487016427458,1.0
2025-09-18,BBDC4_SA,0.14151273501322703,1.0
2025-09-19,BBDC4_SA,0.12153144207593392,1.0
2025-09-22,BBDC4_SA,0.1196347172008565,1.0
2025-09-23,BBDC4_SA,0.08989799029821088,1.0
2025-09-24,BBDC4_SA,0.12153144207593392,1.0
2025-09-25,BBDC4_SA,0.130467949655658,1.0
2025-09-26,BBDC4_SA,0.1247067127572623,1.0
2025-09-29,BBDC4_SA,0.11335862842951228,1.0
2025-09-30,BBDC4_SA,0.10579641174564691,1.0
2025-10-01,BBDC4_SA,0.12314416676462803,1.0
2025-10-02,BBDC4_SA,0.11759733675301831,1.0
2025-10-06,BBDC4_SA,0.12351394902836521,1.0
2025-10-07,BBDC4_SA,0.12619643379048728,1.0
2025-10-08,BBDC4_SA,0.1241754102745789,1.0
2025-10-09,BBDC4_SA,0.11825184758295815,1.0
2025-10-10,BBDC4_SA,0.11750762369848,1.0
2025-10-13,BBDC4_SA,0.11288428098344072,1.0
2025-10-14,BBDC4_SA,0.11303841957761751,1.0
2025-10-15,BBDC4_SA,0.12385685738533425,1.0
2025-10-16,BBDC4_SA,0.11276747943400589,1.0
2025-10-17,BBDC4_SA,0.11257494201912199,1.0
2025-10-20,BBDC4_SA,0.023715317423690152,1.0
2025-10-21,BBDC4_SA,0.02908342904852823,1.0
2025-10-23,BBDC4_SA,0.03099644166399651,1.0
2025-10-24,BBDC4_SA,0.010884650717806865,1.0
2025-10-27,BBDC4_SA,0.011910971053822106,1.0
2025-10-29,BBDC4_SA,-0.016075766086568244,-1.0
2025-10-30,BBDC4_SA,0.02848751298412555,1.0
2025-10-31,BBDC4_SA,0.026780162946379082,1.0
2025-11-03,BBDC4_SA,0.05850286656193293,1.0
2025-11-04,BBDC4_SA,0.061228827092659976,1.0
2025-11-05,BBDC4_SA,0.026130207877780753,1.0
2025-11-06,BBDC4_SA,0.0130146046704962,1.0
2025-11-10,BBDC4_SA,-0.013066573339717502,-1.0
2025-11-11,BBDC4_SA,-0.04485491551686949,-1.0
2025-11-12,BBDC4_SA,-0.025025741629461362,-1.0
2025-11-13,BBDC4_SA,-0.00706390185088035,-1.0
2025-11-17,BBDC4_SA,0.001159072222541857,1.0
2025-11-18,BBDC4_SA,0.027696028454260446,1.0
2025-11-19,BBDC4_SA,0.06997503330982524,1.0
2025-11-21,BBDC4_SA,0.10564983341682388,1.0
2025-11-25,BBDC4_SA,0.1227774997237856,1.0
2025-11-26,BBDC4_SA,0.12354573390615964,1.0
2025-11-27,BBDC4_SA,0.12585301152824702,1.0
2025-11-28,BBDC4_SA,0.11611278145103876,1.0
2025-12-01,BBDC4_SA,0.13341658657917188,1.0
2025-12-02,BBDC4_SA,0.12129494395182894,1.0
2025-12-03,BBDC4_SA,0.11872470541013813,1.0
2025-12-04,BBDC4_SA,0.13700611504884508,1.0
2025-12-05,BBDC4_SA,0.14540772113602185,1.0
2025-12-08,BBDC4_SA,0.13724872676523092,1.0
2025-12-09,BBDC4_SA,0.1217486519225146,1.0
2025-12-10,BBDC4_SA,0.13228527270151136,1.0
2025-12-11,BBDC4_SA,0.14648126685363794,1.0
2025-12-12,BBDC4_SA,0.13910850312649226,1.0
2025-12-15,BBDC4_SA,0.12345505387509825,1.0
2025-12-16,BBDC4_SA,0.12797780805551517,1.0
2025-12-17,BBDC4_SA,0.13724872676523092,1.0
2025-12-18,BBDC4_SA,0.13228527270151136,1.0
2025-12-19,BBDC4_SA,0.14896039766921843,1.0
2025-12-22,BBDC4_SA,0.13787225090948074,1.0
2025-12-23,BBDC4_SA,0.12736507763545113,1.0
2025-12-29,BBDC4_SA,0.12248733685368451,1.0
2025-12-30,BBDC4_SA,0.11716122298001297,1.0
2026-01-02,BBDC4_SA,0.11532187453645193,1.0
2026-01-05,BBDC4_SA,0.1296786457304544,1.0
2026-01-06,BBDC4_SA,0.13836470095298026,1.0
2026-01-07,BBDC4_SA,0.13747354885076923,1.0
2026-01-08,BBDC4_SA,0.15712740971535677,1.0
2026-01-12,BBDC4_SA,0.12989141985489994,1.0
2026-01-13,BBDC4_SA,0.14293561305487867,1.0
2026-01-14,BBDC4_SA,0.12742958019603767,1.0
2026-01-15,BBDC4_SA,0.1338625049757891,1.0
2026-01-20,BBDC4_SA,0.13302012626845205,1.0
2026-01-21,BBDC4_SA,-0.07072160530768146,-1.0
2026-01-22,BBDC4_SA,-0.06237772969270128,-1.0
2026-01-23,BBDC4_SA,-0.0873675280303754,-1.0
2026-01-26,BBDC4_SA,-0.07498875935853933,-1.0
2026-01-27,BBDC4_SA,-0.12023265879480494,-1.0
2026-01-28,BBDC4_SA,-0.15457900334784103,-1.0
2026-01-29,BBDC4_SA,-0.13699666763267548,-1.0
2026-01-30,BBDC4_SA,-0.09882515877670806,-1.0
2026-02-02,BBDC4_SA,-0.1490944466218036,-1.0
2026-02-03,BBDC4_SA,-0.15376403118549553,-1.0
2026-02-04,BBDC4_SA,-0.07692063108611868,-1.0
2026-02-05,BBDC4_SA,-0.07580838606374196,-1.0
2026-02-06,BBDC4_SA,-0.004198234024039849,-1.0
2026-02-09,BBDC4_SA,-0.01264559854391456,-1.0
2026-02-11,BBDC4_SA,-0.14826386230369282,-1.0
2026-02-12,BBDC4_SA,-0.00404301680471042,-1.0
2026-02-13,BBDC4_SA,0.009276027814542953,1.0
2026-02-18,BBDC4_SA,0.014605126861972906,1.0
2026-02-19,BBDC4_SA,0.014185517168688211,1.0
2026-02-20,BBDC4_SA,-0.15687514389615742,-1.0
2026-02-23,BBDC4_SA,-0.021776721479252803,-1.0
2026-02-24,BBDC4_SA,-0.05046876826120483,-1.0
2026-02-25,BBDC4_SA,-0.04255591232764755,-1.0
2026-02-26,BBDC4_SA,-0.04310001120735263,-1.0
2026-02-27,BBDC4_SA,-0.05848889160256132,-1.0
2026-03-02,BBDC4_SA,-0.08408392150094546,-1.0
2026-03-03,BBDC4_SA,-0.02767293298537199,-1.0
2026-03-04,BBDC4_SA,-0.06177665016980505,-1.0
2026-03-05,BBDC4_SA,-0.015207088972356897,-1.0
2026-03-06,BBDC4_SA,0.003061840105672342,1.0
2026-03-10,BBDC4_SA,-0.055523698813218614,-1.0
2026-03-11,BBDC4_SA,-0.07677824061879679,-1.0
2026-03-12,BBDC4_SA,-0.057413581899779076,-1.0
2026-03-13,BBDC4_SA,-0.054171406306165015,-1.0
2026-03-17,BBDC4_SA,-0.04498732195432609,-1.0
2026-03-18,BBDC4_SA,0.16013124181381344,1.0
2026-03-20,BBDC4_SA,0.15360600894247423,1.0
2026-03-23,BBDC4_SA,-0.04127930480577391,-1.0
2026-03-24,BBDC4_SA,-0.05328653219375412,-1.0
2026-03-25,BBDC4_SA,-0.046229817848025045,-1.0
2026-03-26,BBDC4_SA,-0.03535419602516443,-1.0
2026-03-27,BBDC4_SA,0.1670215366601655,1.0
2026-03-30,BBDC4_SA,0.17018087610095978,1.0
2026-03-31,BBDC4_SA,-0.060398300861935095,-1.0
2026-04-01,BBDC4_SA,-0.08344634714783683,-1.0
2026-04-02,BBDC4_SA,-0.055178111909993444,-1.0
2026-04-06,BBDC4_SA,-0.08545001267853491,-1.0
2026-04-07,BBDC4_SA,-0.08867627933456823,-1.0
2026-04-08,BBDC4_SA,-0.14546524659799565,-1.0
2026-04-09,BBDC4_SA,-0.13915991803389105,-1.0
2026-04-10,BBDC4_SA,-0.15381164879354814,-1.0
2026-04-13,BBDC4_SA,-0.13953529173414136,-1.0
2026-04-14,BBDC4_SA,-0.14161607480225302,-1.0
2026-04-16,BBDC4_SA,-0.1733349711855653,-1.0
2026-04-17,BBDC4_SA,-0.16896848217907523,-1.0
2026-04-20,BBDC4_SA,-0.17225553201602872,-1.0
2026-04-22,BBDC4_SA,-0.14225722625388526,-1.0
2026-04-23,BBDC4_SA,-0.11282075430524596,-1.0
2026-04-24,BBDC4_SA,-0.10254495671857977,-1.0
2026-04-27,BBDC4_SA,-0.10355261655062864,-1.0
2026-04-28,BBDC4_SA,-0.09775956532856145,-1.0
2026-04-29,BBDC4_SA,-0.06031023269402391,-1.0
2026-04-30,BBDC4_SA,-0.0575572599738744,-1.0
2026-05-04,BBDC4_SA,-0.04083306792604002,-1.0
